,ACCLASS,AG_DRIV,ALCOHOL,AUTOMOBILE,CYCLIST,DATE,DISABILITY,EMERG_VEH,HOOD_ID,HOUR,INITDIR,INJURY,INVAGE,LIGHT,LOCCOORD,MANOEUVER,MOTORCYCLE,PASSENGER,PEDESTRIAN,RDSFCOND,REDLIGHT,ROAD_CLASS,SPEEDING,TRAFFCTL,TRSN_CITY_VEH,TRUCK,VISIBILITY
1847,1,Yes,,0,0,2006-09-25T00:00:00,,0,55,12,2,None,30 to 34,4,Intersection,Turning Left,0,0,0,0,0,5,0,2,0,1,0
1849,1,Yes,,0,0,2006-09-26T00:00:00,,0,108,14,0,None,50 to 54,4,Intersection,Turning Left,0,0,0,0,0,4,0,1,0,0,0
1853,1,,,0,0,2006-09-26T00:00:00,,0,119,15,4,Minimal,40 to 44,4,Mid-Block,Going Ahead,0,0,0,0,0,4,0,1,0,0,0
1855,1,,,0,0,2006-09-26T00:00:00,,0,119,15,4,Minor,35 to 39,4,Mid-Block,Going Ahead,0,0,0,0,0,4,0,1,0,0,0
1856,1,,,0,0,2006-09-28T00:00:00,,0,137,8,4,None,40 to 44,4,Mid-Block,Going Ahead,0,0,0,0,0,4,0,1,0,0,0
1858,1,,,0,0,2006-09-28T00:00:00,,0,39,14,2,Major,55 to 59,4,Mid-Block,Going Ahead,0,0,0,0,0,4,0,1,0,0,0
1863,1,Yes,Yes,0,0,2006-09-29T00:00:00,,0,112,3,2,Major,45 to 49,0,Mid-Block,Going Ahead,0,0,0,0,0,5,0,1,0,0,0
1864,1,Yes,Yes,0,0,2006-09-29T00:00:00,,0,112,3,1,Major,30 to 34,0,Mid-Block,Going Ahead,0,0,0,0,0,5,0,1,0,0,0
1866,1,,Yes,0,0,2006-09-30T00:00:00,,0,81,5,0,Minor,30 to 34,0,Mid-Block,Going Ahead,0,0,0,0,0,5,0,1,0,0,0
1868,1,Yes,,0,0,2006-09-30T00:00:00,,0,86,8,1,None,Unknown,4,Intersection,Going Ahead,0,0,0,0,0,5,0,2,0,0,0
1872,1,Yes,,0,0,2006-09-30T00:00:00,,0,44,19,4,None,40 to 44,0,Intersection,Going Ahead,0,0,0,8,0,5,0,2,0,0,5
1874,1,,,0,0,2006-09-30T00:00:00,,0,2,19,2,None,65 to 69,4,Intersection,Turning Left,0,0,0,8,0,4,0,2,0,0,5
1876,1,,,0,0,2006-09-30T00:00:00,,0,13,20,1,Major,80 to 84,0,Intersection,Turning Left,0,0,0,8,0,4,0,2,0,0,5
1877,1,,,0,0,2006-09-30T00:00:00,,0,13,20,2,None,40 to 44,0,Intersection,Stopped,0,0,0,8,0,4,0,2,0,0,5
1878,1,,,0,0,2006-09-30T00:00:00,,0,13,20,4,Minor,20 to 24,0,Intersection,Going Ahead,0,0,0,8,0,4,0,2,0,0,5
1880,1,Yes,,0,0,2006-10-01T00:00:00,,0,128,4,1,Major,15 to 19,1,Intersection,Going Ahead,0,0,0,8,0,4,1,2,0,0,0
1886,1,,,0,0,2006-10-04T00:00:00,Yes,0,5,14,1,Major,70 to 74,4,Intersection,Going Ahead,0,0,0,0,0,4,0,1,0,0,0
1888,1,Yes,,0,0,2006-10-04T00:00:00,,0,110,15,0,None,15 to 19,4,Intersection,Slowing or Stopping,0,0,0,0,0,4,0,2,0,0,0
1890,1,,,0,0,2006-10-05T00:00:00,,0,76,15,2,None,55 to 59,4,Intersection,Turning Left,0,0,0,0,0,4,0,2,0,0,0
1892,1,Yes,,0,0,2006-10-05T00:00:00,,0,70,19,2,Minimal,35 to 39,0,Intersection,Going Ahead,0,0,0,0,0,5,0,2,0,0,0
1895,1,Yes,,0,0,2006-10-05T00:00:00,,0,70,19,0,Minimal,25 to 29,0,Intersection,Going Ahead,0,0,0,0,0,5,0,2,0,0,0
1897,1,Yes,,0,0,2006-10-05T00:00:00,,0,135,20,0,Major,40 to 44,0,Intersection,Going Ahead,0,0,0,0,0,4,0,2,0,0,0
1900,1,Yes,,0,0,2006-10-05T00:00:00,,0,135,20,4,Minor,30 to 34,0,Intersection,Going Ahead,0,0,0,0,0,4,0,2,0,0,0
1901,1,Yes,,0,0,2006-10-05T00:00:00,,0,135,20,2,None,Unknown,0,Intersection,Turning Right,0,0,0,0,0,4,0,2,0,0,0
1902,1,Yes,,0,0,2006-10-06T00:00:00,,0,30,6,4,Major,55 to 59,2,Intersection,Turning Left,0,0,0,0,0,4,0,2,0,0,0
1903,1,Yes,,0,0,2006-10-06T00:00:00,,0,30,6,0,Minor,20 to 24,2,Intersection,Going Ahead,0,0,0,0,0,4,0,2,0,0,0
1904,1,,,0,0,2006-10-06T00:00:00,,0,107,18,4,None,75 to 79,7,Intersection,Going Ahead,0,0,0,0,0,5,0,2,0,0,0
1906,1,Yes,,0,0,2006-10-07T00:00:00,,0,111,8,4,Major,50 to 54,4,Intersection,Stopped,0,0,0,0,0,4,0,1,0,0,0
1907,1,Yes,,0,0,2006-10-07T00:00:00,,0,111,8,4,None,20 to 24,4,Intersection,Going Ahead,0,0,0,0,0,4,0,1,0,0,0
1908,1,,,0,0,2006-10-09T00:00:00,,0,1,3,4,Major,45 to 49,0,Mid-Block,Going Ahead,0,0,0,0,0,4,0,1,0,0,0
1909,1,,,0,0,2006-10-09T00:00:00,,0,72,10,2,None,25 to 29,4,Intersection,Going Ahead,0,0,0,0,0,5,0,2,0,0,0
1911,1,Yes,,0,0,2006-10-09T00:00:00,,0,51,19,1,None,60 to 64,0,Intersection,Going Ahead,0,0,0,0,0,4,0,2,0,0,0
1913,1,Yes,,0,0,2006-10-10T00:00:00,,0,127,7,4,None,50 to 54,4,Intersection,Turning Right,0,0,0,0,0,4,0,2,0,0,0
1915,1,Yes,,0,0,2006-10-10T00:00:00,,0,1,12,2,Major,60 to 64,4,Intersection,Going Ahead,0,0,0,0,0,4,0,2,0,0,0
1916,1,Yes,,0,0,2006-10-10T00:00:00,,0,1,12,4,Minor,45 to 49,4,Intersection,Going Ahead,0,0,0,0,0,4,0,2,0,0,0
1920,1,,,0,0,2006-10-11T00:00:00,,0,78,14,1,None,30 to 34,4,Mid-Block,Slowing or Stopping,0,0,0,8,0,4,0,1,1,0,5
1921,1,,,0,0,2006-10-11T00:00:00,,0,27,22,3,None,Unknown,0,Intersection,Unknown,0,0,0,8,0,4,0,2,0,0,5
1923,1,,,0,0,2006-10-12T00:00:00,,0,17,12,0,None,35 to 39,4,Mid-Block,Going Ahead,0,0,0,0,0,4,0,1,0,1,0
1926,1,Yes,Yes,0,0,2006-10-12T00:00:00,,0,8,15,1,None,35 to 39,4,Intersection,Stopped,0,0,0,0,0,4,0,2,0,1,0
1928,1,Yes,Yes,0,0,2006-10-12T00:00:00,,0,8,15,1,Major,25 to 29,4,Intersection,Going Ahead,0,0,0,0,0,4,0,2,0,1,0
1930,1,Yes,,0,0,2006-10-13T00:00:00,,0,75,23,0,None,45 to 49,0,Intersection,Going Ahead,0,0,0,0,0,4,0,2,0,0,0
1932,1,Yes,,0,0,2006-10-13T00:00:00,,0,75,23,1,Minimal,20 to 24,0,Intersection,Going Ahead,0,0,0,0,0,4,0,2,0,0,0
1936,1,,,0,0,2006-10-14T00:00:00,,0,80,13,1,Major,70 to 74,4,Intersection,Going Ahead,0,0,0,0,0,5,0,2,0,0,0
1937,1,,,0,0,2006-10-14T00:00:00,,0,80,13,1,None,35 to 39,4,Intersection,Going Ahead,0,0,0,0,0,5,0,2,0,0,0
1938,1,Yes,,0,0,2006-10-14T00:00:00,,0,108,22,0,None,25 to 29,4,Intersection,Turning Left,0,0,0,0,0,4,0,2,0,0,0
1941,1,Yes,,0,0,2006-10-15T00:00:00,,0,22,19,2,None,40 to 44,0,Mid-Block,Turning Right,0,0,0,0,0,4,0,1,0,0,0
1942,1,Yes,,0,0,2006-10-16T00:00:00,,0,50,7,0,None,40 to 44,4,Mid-Block,Going Ahead,0,0,0,0,0,5,0,1,0,0,0
1947,1,,,0,0,2006-10-17T00:00:00,,0,87,10,1,None,15 to 19,4,Mid-Block,Going Ahead,0,0,0,8,0,3,0,1,0,0,5
1950,1,,,0,0,2006-10-17T00:00:00,,0,26,20,4,None,30 to 34,0,Intersection,Slowing or Stopping,0,0,0,8,0,4,0,2,0,0,5
1953,1,,,0,0,2007-02-13T00:00:00,,0,90,9,0,Major,30 to 34,4,Mid-Block,Going Ahead,0,0,0,0,0,4,0,1,0,1,0
1956,0,Yes,,0,0,2007-02-14T00:00:00,,0,116,7,0,None,25 to 29,0,Mid-Block,Going Ahead,0,0,0,5,0,5,1,1,0,0,6
1958,1,Yes,,0,0,2007-02-14T00:00:00,,0,14,13,0,None,25 to 29,4,Intersection,Going Ahead,0,0,0,3,0,4,1,2,0,1,6
1960,1,Yes,,0,0,2007-02-14T00:00:00,,0,14,13,2,Major,35 to 39,4,Intersection,Going Ahead,0,0,0,3,0,4,1,2,0,1,6
1963,1,Yes,,0,0,2007-02-15T00:00:00,,0,10,14,4,Minimal,40 to 44,4,Mid-Block,Slowing or Stopping,0,0,0,4,0,4,0,1,0,0,0
1964,1,Yes,,0,0,2007-02-15T00:00:00,,0,10,14,4,None,20 to 24,4,Mid-Block,Going Ahead,0,0,0,4,0,4,0,1,0,0,0
1965,1,,,0,0,2007-02-15T00:00:00,,0,111,15,4,None,20 to 24,4,Intersection,Turning Right,0,0,0,0,0,4,0,2,0,0,0
1970,1,Yes,,0,0,2007-02-16T00:00:00,,0,82,20,0,Minor,35 to 39,0,Intersection,Turning Left,0,0,0,0,0,4,0,2,0,0,0
1971,1,Yes,,0,0,2007-02-16T00:00:00,,0,82,20,4,Major,60 to 64,0,Intersection,Other,0,0,0,0,0,4,0,2,0,0,0
1973,1,Yes,,0,0,2007-02-16T00:00:00,,0,34,23,2,None,Unknown,0,Mid-Block,Going Ahead,0,0,0,8,0,4,0,2,0,0,0
1978,1,Yes,,0,0,2007-02-16T00:00:00,,0,34,23,0,Minor,25 to 29,0,Mid-Block,Turning Left,0,0,0,8,0,4,0,2,0,0,0
1979,1,,,0,0,2007-02-18T00:00:00,,0,1,19,4,Major,55 to 59,0,Intersection,Turning Left,0,0,0,0,0,4,0,2,0,0,0
1980,1,,,0,0,2007-02-18T00:00:00,,0,1,19,4,None,45 to 49,0,Intersection,Going Ahead,0,0,0,0,0,4,0,2,0,0,0
1983,0,,,0,0,2007-02-19T00:00:00,,0,78,13,1,None,35 to 39,4,Intersection,Going Ahead,0,0,0,8,0,4,0,1,0,0,0
1984,1,,,0,0,2007-02-19T00:00:00,,0,6,19,4,None,60 to 64,0,Intersection,Turning Left,0,0,0,0,0,4,0,2,0,0,0
1985,1,,,0,0,2007-02-19T00:00:00,,0,6,19,1,Major,25 to 29,0,Intersection,Going Ahead,0,0,0,0,0,4,0,2,0,0,0
1989,1,Yes,Yes,0,0,2007-02-21T00:00:00,,0,137,14,4,Major,65 to 69,4,Mid-Block,Going Ahead,0,0,0,0,0,0,1,1,0,0,0
1990,1,Yes,,0,0,2007-02-23T00:00:00,,0,120,8,0,None,55 to 59,4,Intersection,Turning Right,0,0,0,0,0,4,0,2,0,0,0
1993,1,Yes,,0,0,2007-02-24T00:00:00,,0,41,16,4,None,30 to 34,4,Intersection,Going Ahead,0,0,0,0,0,4,0,2,0,0,0
1997,1,Yes,,0,0,2007-02-25T00:00:00,,0,14,3,4,Major,20 to 24,0,Mid-Block,Going Ahead,0,0,0,0,0,4,1,1,0,0,0
1999,1,Yes,,0,0,2007-02-25T00:00:00,,0,93,12,1,None,35 to 39,4,Intersection,Turning Left,0,0,0,0,0,4,0,1,0,0,0
2002,1,Yes,,0,0,2007-02-25T00:00:00,,0,82,18,0,None,30 to 34,0,Intersection,Going Ahead,0,0,0,3,0,5,0,2,0,0,6
2004,1,Yes,,0,0,2007-02-25T00:00:00,,0,82,18,1,Major,25 to 29,0,Intersection,Going Ahead,0,0,0,3,0,5,0,2,0,0,6
2005,1,Yes,,0,0,2007-02-25T00:00:00,,0,132,21,0,Major,55 to 59,0,Mid-Block,Going Ahead,0,0,0,5,0,4,1,1,0,0,6
2007,1,,,0,0,2007-02-28T00:00:00,,0,11,18,3,None,Unknown,0,,Unknown,0,0,0,0,0,4,0,1,0,0,0
2012,1,Yes,,0,0,2007-05-21T00:00:00,,0,57,2,1,Major,15 to 19,0,Mid-Block,Going Ahead,0,0,0,0,0,3,1,1,0,0,0
2013,1,,,0,0,2007-07-04T00:00:00,,0,93,20,0,Minimal,40 to 44,4,Intersection,Turning Left,0,0,0,0,0,4,0,2,0,0,0
2014,1,Yes,,0,0,2007-05-22T00:00:00,,0,47,18,2,Major,20 to 24,4,Mid-Block,Going Ahead,0,0,0,0,0,4,0,1,0,0,0
2016,1,,,0,0,2007-07-04T00:00:00,,0,87,20,1,None,35 to 39,4,Mid-Block,Slowing or Stopping,0,0,0,8,0,4,0,1,0,0,0
2020,1,,,0,0,2007-05-22T00:00:00,,0,70,21,2,None,55 to 59,0,Mid-Block,Going Ahead,0,0,0,0,0,4,0,1,0,0,0
2023,1,Yes,,0,0,2007-08-17T00:00:00,,0,93,14,1,None,35 to 39,4,,Stopped,0,0,0,0,0,5,1,2,1,0,0
2025,1,Yes,,0,0,2007-07-23T00:00:00,,0,119,7,2,None,25 to 29,4,Intersection,Turning Right,0,0,0,0,0,4,0,2,0,0,0
2027,1,,,0,0,2007-09-03T00:00:00,,0,72,22,4,Major,30 to 34,0,Mid-Block,Going Ahead,0,0,0,0,0,4,0,1,0,0,0
2030,1,,,0,0,2007-09-04T00:00:00,Yes,0,11,10,0,None,40 to 44,4,Mid-Block,Going Ahead,0,0,0,0,0,4,0,1,0,0,0
2032,1,,,0,0,2007-09-04T00:00:00,Yes,0,11,10,4,Major,50 to 54,4,Mid-Block,Going Ahead,0,0,0,0,0,4,0,1,0,0,0
2033,1,Yes,,0,0,2007-09-05T00:00:00,,0,76,5,2,Major,75 to 79,0,Mid-Block,Going Ahead,0,0,0,8,0,4,1,2,0,0,5
2034,1,,,0,0,2007-09-05T00:00:00,,0,84,8,0,None,Unknown,4,Intersection,Stopped,0,0,0,0,0,4,0,2,0,0,0
2036,1,,,0,0,2007-09-05T00:00:00,,0,46,11,2,Minimal,20 to 24,4,Mid-Block,Going Ahead,0,0,0,0,0,3,0,1,0,0,0
2037,1,,,0,0,2007-09-05T00:00:00,,0,46,11,1,Major,65 to 69,4,Mid-Block,Turning Left,0,0,0,0,0,3,0,1,0,0,0
2038,1,,,0,0,2007-09-06T00:00:00,,0,6,8,2,None,35 to 39,4,Intersection,Going Ahead,0,0,0,0,0,4,0,2,0,0,0
2039,1,,,0,0,2007-09-06T00:00:00,,0,6,8,0,Major,40 to 44,4,Intersection,Turning Left,0,0,0,0,0,4,0,2,0,0,0
2040,1,,,0,0,2007-09-06T00:00:00,,0,99,15,2,None,55 to 59,4,Intersection,Going Ahead,0,0,0,0,0,4,0,1,0,0,0
2043,1,Yes,,0,0,2007-09-07T00:00:00,,0,51,5,0,Minor,15 to 19,0,Mid-Block,Going Ahead,0,0,0,0,0,4,0,1,0,0,0
2045,1,,,0,0,2007-09-07T00:00:00,,0,129,13,4,None,60 to 64,4,Mid-Block,Slowing or Stopping,0,0,0,0,0,4,0,1,0,0,0
2048,1,,,0,0,2007-09-07T00:00:00,,0,129,13,0,None,45 to 49,4,Mid-Block,Reversing,0,0,0,0,0,4,0,1,0,0,0
2050,1,Yes,,0,0,2007-09-08T00:00:00,,0,131,10,0,None,40 to 44,4,Mid-Block,Reversing,0,0,0,0,0,5,0,1,0,0,0
2053,1,,,0,0,2007-09-09T00:00:00,,0,77,3,0,None,45 to 49,0,Intersection,Going Ahead,0,0,0,0,0,4,0,2,0,0,0
2056,1,Yes,,0,0,2007-09-09T00:00:00,,0,58,20,1,Major,45 to 49,0,Intersection,Going Ahead,0,0,0,0,0,4,0,2,0,0,0
2058,1,Yes,,0,0,2007-09-09T00:00:00,,0,58,20,1,Minor,25 to 29,0,Intersection,Going Ahead,0,0,0,0,0,4,0,2,0,0,0
2060,1,Yes,,0,0,2007-09-10T00:00:00,,0,120,16,4,None,40 to 44,4,Mid-Block,Going Ahead,0,0,0,0,0,4,0,1,0,0,0
2061,0,,,0,0,2007-09-13T00:00:00,,0,24,10,1,None,20 to 24,4,Intersection,Turning Left,0,0,0,0,0,4,0,2,0,1,0
2063,1,Yes,,0,0,2007-09-11T00:00:00,,0,126,6,0,None,55 to 59,0,Intersection,Turning Left,0,0,0,8,0,4,0,2,0,0,5
2065,1,,,0,0,2007-09-11T00:00:00,,0,44,15,2,Major,30 to 34,4,Intersection,Going Ahead,0,0,0,0,0,4,0,2,0,0,0
2066,1,,,0,0,2007-09-11T00:00:00,,0,44,15,1,None,80 to 84,4,Intersection,Turning Left,0,0,0,0,0,4,0,2,0,0,0
2070,1,Yes,,0,0,2007-09-13T00:00:00,,0,86,18,2,None,40 to 44,4,Intersection,Turning Left,0,0,0,0,0,5,0,1,0,0,0
2072,1,,,0,0,2007-09-14T00:00:00,,0,14,8,1,None,20 to 24,4,Mid-Block,Going Ahead,0,0,0,0,0,4,0,1,0,0,0
2075,1,Yes,,0,0,2007-09-14T00:00:00,,0,2,14,2,None,45 to 49,4,Mid-Block,Turning Right,0,0,0,0,0,4,0,2,0,0,0
2076,1,Yes,,0,0,2007-09-14T00:00:00,,0,2,14,4,Major,20 to 24,4,Mid-Block,Going Ahead,0,0,0,0,0,4,0,2,0,0,0
2078,1,Yes,,0,0,2007-09-14T00:00:00,,0,26,18,2,None,45 to 49,4,Intersection,Going Ahead,0,0,0,8,0,4,0,1,0,0,5
2082,1,Yes,,0,0,2007-09-14T00:00:00,,0,17,19,1,Major,40 to 44,2,Intersection,Slowing or Stopping,0,0,0,8,0,3,0,2,0,0,5
2084,1,Yes,,0,0,2007-09-14T00:00:00,,0,17,19,2,Minimal,45 to 49,2,Intersection,Going Ahead,0,0,0,8,0,3,0,2,0,0,5
2087,1,Yes,,0,0,2007-09-14T00:00:00,,0,17,19,0,Minimal,35 to 39,2,Intersection,Going Ahead,0,0,0,8,0,3,0,2,0,0,5
2090,1,Yes,,0,0,2007-09-15T00:00:00,,0,124,21,2,None,55 to 59,0,Intersection,Turning Right,0,0,0,0,0,4,0,2,0,0,0
2092,0,Yes,,0,0,2007-09-18T00:00:00,,0,120,0,1,Major,30 to 34,0,Intersection,Going Ahead,0,0,0,0,0,4,1,1,0,0,0
2093,0,Yes,,0,0,2007-09-18T00:00:00,,0,120,0,2,Fatal,15 to 19,0,Intersection,Going Ahead,0,0,0,0,0,4,1,1,0,0,0
2095,1,,,0,0,2007-09-18T00:00:00,,0,14,13,4,None,30 to 34,4,Mid-Block,Going Ahead,0,0,0,0,0,4,0,1,0,0,0
2097,1,,,0,0,2007-09-18T00:00:00,,0,22,16,0,None,35 to 39,4,Mid-Block,Stopped,0,0,0,0,0,4,0,1,0,0,0
2099,1,,,0,0,2007-09-18T00:00:00,,0,22,16,0,Minimal,20 to 24,4,Mid-Block,Going Ahead,0,0,0,0,0,4,0,1,0,0,0
2100,1,,,0,0,2007-09-18T00:00:00,,0,22,16,0,None,20 to 24,4,Mid-Block,Stopped,0,0,0,0,0,4,0,1,0,0,0
2101,1,,,0,0,2007-09-18T00:00:00,,0,98,19,2,None,55 to 59,4,Intersection,Turning Left,0,0,0,0,0,4,0,1,0,0,0
2104,1,Yes,,0,0,2007-09-19T00:00:00,,0,98,13,4,Minimal,70 to 74,4,Intersection,Turning Left,0,0,0,0,0,4,0,0,0,0,0
2106,1,Yes,,0,0,2007-09-20T00:00:00,,0,128,10,1,Major,75 to 79,4,Intersection,Going Ahead,0,0,0,0,0,4,0,2,0,0,0
2107,1,Yes,,0,0,2007-09-20T00:00:00,,0,128,10,1,Major,50 to 54,4,Intersection,Stopped,0,0,0,0,0,4,0,2,0,0,0
2109,1,,,0,0,2007-09-20T00:00:00,,0,70,18,0,None,30 to 34,4,Mid-Block,Going Ahead,0,0,0,0,0,5,0,1,1,0,0
2110,1,,,0,0,2007-09-20T00:00:00,,0,70,18,0,None,60 to 64,4,Mid-Block,Parked,0,0,0,0,0,5,0,1,1,0,0
2113,0,Yes,,0,0,2007-09-20T00:00:00,,0,100,20,0,None,35 to 39,0,Intersection,Going Ahead,0,0,0,0,0,4,1,2,0,1,0
2115,0,Yes,,0,0,2007-09-20T00:00:00,,0,100,20,4,Minor,35 to 39,0,Intersection,Stopped,0,0,0,0,0,4,1,2,0,1,0
2116,0,Yes,,0,0,2007-09-20T00:00:00,,0,100,20,1,Fatal,20 to 24,0,Intersection,Going Ahead,0,0,0,0,0,4,1,2,0,1,0
2119,0,Yes,,0,0,2007-09-20T00:00:00,,0,95,21,2,Minimal,20 to 24,0,Intersection,Turning Left,0,0,0,0,0,5,1,2,0,0,0
2121,0,Yes,,0,0,2007-09-20T00:00:00,,0,95,21,1,Minimal,35 to 39,0,Intersection,Going Ahead,0,0,0,0,0,5,1,2,0,0,0
2122,1,,,0,0,2007-09-21T00:00:00,,0,120,10,0,None,45 to 49,4,Intersection,Turning Right,0,0,0,0,0,5,0,2,0,0,0
2125,1,,,0,0,2007-09-22T00:00:00,,0,92,4,1,None,30 to 34,0,Intersection,Going Ahead,0,0,0,0,0,4,0,2,0,1,0
2127,1,,,0,0,2007-09-22T00:00:00,,0,92,4,4,Major,30 to 34,0,Intersection,Going Ahead,0,0,0,0,0,4,0,2,0,1,0
2132,1,,,0,0,2007-09-22T00:00:00,,0,63,7,1,None,75 to 79,0,Intersection,Turning Left,0,0,0,0,0,4,0,2,0,0,0
2134,1,Yes,,0,0,2007-06-21T00:00:00,,0,75,2,1,Minimal,35 to 39,0,Intersection,Going Ahead,0,0,0,0,0,4,0,2,0,0,0
2137,1,Yes,,0,0,2007-11-13T00:00:00,,0,51,6,2,Major,35 to 39,0,Mid-Block,Slowing or Stopping,0,0,0,0,0,4,0,1,0,0,0
2138,1,,,0,0,2007-12-13T00:00:00,,0,120,9,1,None,45 to 49,4,Intersection,Making U Turn,0,0,0,8,0,4,0,1,0,0,0
2140,1,,,0,0,2007-12-14T00:00:00,,0,86,20,4,None,65 to 69,0,Intersection,Going Ahead,0,0,0,0,0,4,0,2,0,0,0
2143,0,,,0,0,2007-12-15T00:00:00,,0,137,12,4,None,55 to 59,4,Intersection,Going Ahead,0,0,0,3,0,4,0,1,0,0,6
2146,1,,,0,0,2007-12-16T00:00:00,,0,45,0,2,None,40 to 44,0,Mid-Block,Going Ahead,0,0,0,3,0,4,0,1,0,0,6
2148,1,,,0,0,2007-12-16T00:00:00,,0,45,0,2,Major,20 to 24,0,Mid-Block,Going Ahead,0,0,0,3,0,4,0,1,0,0,6
2149,1,,,0,0,2007-12-16T00:00:00,,0,2,12,4,Minimal,55 to 59,4,Mid-Block,Pulling Away from Shoulder or Curb,0,0,0,5,0,4,0,1,0,0,6
2150,1,,,0,0,2007-12-16T00:00:00,,0,2,12,0,Major,25 to 29,4,Mid-Block,Going Ahead,0,0,0,5,0,4,0,1,0,0,6
2152,1,,,0,0,2007-12-16T00:00:00,,0,6,18,1,None,25 to 29,0,Intersection,Turning Left,0,0,0,5,0,4,0,2,0,0,6
2153,1,,,0,0,2007-12-16T00:00:00,,0,6,18,2,Major,30 to 34,0,Intersection,Going Ahead,0,0,0,5,0,4,0,2,0,0,6
2156,1,Yes,,0,0,2007-12-17T00:00:00,,0,1,12,1,Major,35 to 39,4,Intersection,Going Ahead,0,0,0,8,0,4,0,2,0,0,0
2157,1,Yes,,0,0,2007-12-17T00:00:00,,0,1,12,4,Minimal,45 to 49,4,Intersection,Going Ahead,0,0,0,8,0,4,0,2,0,0,0
2158,1,,,0,0,2007-12-20T00:00:00,,0,77,4,2,None,40 to 44,0,Mid-Block,Going Ahead,0,0,0,0,0,4,0,1,0,0,0
2160,1,,,0,0,2007-12-20T00:00:00,,0,67,8,4,Major,45 to 49,4,Intersection,Going Ahead,0,0,0,8,0,4,0,2,0,0,0
2161,1,,,0,0,2007-12-20T00:00:00,,0,108,18,0,None,40 to 44,0,Intersection,Turning Left,0,0,0,0,0,4,0,2,0,0,0
2163,1,,,0,0,2007-12-21T00:00:00,,0,26,5,0,Major,20 to 24,0,Mid-Block,Going Ahead,0,0,0,0,0,4,0,1,0,1,0
2167,1,,,0,0,2007-12-21T00:00:00,,0,26,5,0,None,60 to 64,0,Mid-Block,Turning Right,0,0,0,0,0,4,0,1,0,1,0
2168,1,,,0,0,2007-12-23T00:00:00,,0,61,1,3,None,Unknown,0,,Unknown,0,0,0,8,0,4,0,2,0,0,0
2170,1,,,0,0,2007-12-23T00:00:00,,0,71,19,1,None,15 to 19,0,Mid-Block,Going Ahead,0,0,0,0,0,4,0,1,0,0,0
2172,0,,,0,0,2007-12-24T00:00:00,,0,52,21,4,None,90 to 94,0,Intersection,Going Ahead,0,0,0,0,0,4,0,2,0,0,0
2175,1,,,0,0,2007-12-27T00:00:00,,0,119,0,1,None,25 to 29,0,Intersection,Making U Turn,0,0,0,0,0,4,0,1,0,0,0
2178,1,,,0,0,2007-12-27T00:00:00,,0,119,0,2,Major,20 to 24,0,Intersection,Going Ahead,0,0,0,0,0,4,0,1,0,0,0
2179,1,,,0,0,2007-12-27T00:00:00,,0,137,9,0,None,55 to 59,4,,Going Ahead,0,0,0,0,0,4,0,2,0,0,0
2183,1,Yes,,0,0,2007-12-28T00:00:00,,0,90,14,1,Major,25 to 29,4,Intersection,Going Ahead,0,0,0,0,0,4,1,2,0,0,0
2184,1,Yes,,0,0,2007-12-29T00:00:00,,0,118,13,2,Minimal,70 to 74,4,Mid-Block,Other,0,0,0,0,0,3,0,1,0,0,0
2187,1,Yes,,0,0,2007-12-29T00:00:00,,0,118,13,1,Major,30 to 34,4,Mid-Block,Going Ahead,0,0,0,0,0,3,0,1,0,0,0
2188,1,,,0,0,2007-12-29T00:00:00,,0,62,21,3,None,60 to 64,0,,Going Ahead,0,0,0,0,0,4,0,1,0,0,0
2190,1,Yes,,0,0,2007-12-31T00:00:00,,0,24,6,0,Major,65 to 69,0,Intersection,Going Ahead,0,0,0,3,0,4,1,2,0,0,6
2191,1,Yes,,0,0,2007-12-31T00:00:00,,0,24,6,0,Major,45 to 49,0,Intersection,Slowing or Stopping,0,0,0,3,0,4,1,2,0,0,6
2192,1,Yes,,0,0,2007-12-31T00:00:00,,0,3,15,2,Major,55 to 59,4,Intersection,Slowing or Stopping,0,0,0,0,0,4,0,1,0,0,0
2193,1,Yes,,0,0,2007-12-31T00:00:00,,0,3,15,2,None,35 to 39,4,Intersection,Going Ahead,0,0,0,0,0,4,0,1,0,0,0
2194,1,,,0,0,2008-01-03T00:00:00,,0,56,16,2,None,35 to 39,4,Intersection,Stopped,0,0,0,3,0,4,0,2,0,0,6
2195,1,,,0,0,2008-01-03T00:00:00,,0,56,16,2,Major,60 to 64,4,Intersection,Stopped,0,0,0,3,0,4,0,2,0,0,6
2196,1,,,0,0,2008-01-04T00:00:00,,0,42,15,4,Minor,55 to 59,4,Mid-Block,Going Ahead,0,0,0,0,0,4,0,1,0,0,0
2198,1,,,0,0,2008-01-04T00:00:00,,0,42,15,0,Major,15 to 19,4,Mid-Block,Going Ahead,0,0,0,0,0,4,0,1,0,0,0
2199,0,,,0,0,2008-01-05T00:00:00,,0,138,18,0,None,45 to 49,0,Intersection,Going Ahead,0,0,0,8,0,4,0,1,0,0,5
2201,0,,,0,0,2008-01-05T00:00:00,,0,7,19,1,Minimal,80 to 84,0,Mid-Block,Going Ahead,0,0,0,8,0,3,0,1,0,0,0
2203,0,,,0,0,2008-01-07T00:00:00,,0,39,17,0,None,30 to 34,0,Intersection,Turning Left,0,0,0,8,0,4,0,2,0,0,0