,ACCLASS,AG_DRIV,ALCOHOL,AUTOMOBILE,CYCLIST,DATE,DISABILITY,EMERG_VEH,HOOD_ID,HOUR,INITDIR,INJURY,INVAGE,LIGHT,LOCCOORD,MANOEUVER,MOTORCYCLE,PASSENGER,PEDESTRIAN,RDSFCOND,REDLIGHT,ROAD_CLASS,SPEEDING,TRAFFCTL,TRSN_CITY_VEH,TRUCK,VISIBILITY
2967,1,Yes,,0,0,2007-11-29T00:00:00,,0,76,1,1,None,20 to 24,0,Mid-Block,Going Ahead,0,0,0,8,0,4,1,1,0,0,5
2968,1,Yes,,0,0,2007-11-29T00:00:00,,0,123,17,2,None,60 to 64,0,Intersection,Turning Left,0,0,0,0,0,5,0,2,0,0,0
2970,1,,,0,0,2007-11-29T00:00:00,,0,72,23,0,None,Unknown,0,Intersection,Going Ahead,0,0,0,0,0,5,0,2,0,0,0
2973,1,Yes,Yes,0,0,2007-11-30T00:00:00,,0,42,18,2,None,50 to 54,0,Mid-Block,Going Ahead,0,0,0,0,0,4,1,1,0,0,0
2976,1,Yes,Yes,0,0,2007-11-30T00:00:00,,0,42,18,1,Major,50 to 54,0,Mid-Block,Going Ahead,0,0,0,0,0,4,1,1,0,0,0
2978,1,Yes,Yes,0,0,2007-11-30T00:00:00,,0,42,18,1,None,50 to 54,0,Mid-Block,Overtaking,0,0,0,0,0,4,1,1,0,0,0
2979,1,Yes,Yes,0,0,2007-12-02T00:00:00,,0,95,2,4,None,35 to 39,0,Mid-Block,Changing Lanes,0,0,0,5,0,4,1,1,0,0,6
2982,1,Yes,,0,0,2007-12-03T00:00:00,,0,48,12,2,Minimal,45 to 49,4,Mid-Block,Stopped,0,0,0,8,0,4,0,1,0,0,0
2984,1,Yes,,0,0,2007-12-03T00:00:00,,0,48,12,2,Minimal,45 to 49,4,Mid-Block,Going Ahead,0,0,0,8,0,4,0,1,0,0,0
2985,1,Yes,,0,0,2007-12-03T00:00:00,,0,48,12,2,Minor,35 to 39,4,Mid-Block,Stopped,0,0,0,8,0,4,0,1,0,0,0
2987,1,,,0,0,2007-12-04T00:00:00,,0,16,7,1,None,50 to 54,4,Intersection,Going Ahead,0,0,0,8,0,4,0,2,0,0,7
2990,1,,,0,0,2007-12-04T00:00:00,,0,98,12,4,None,35 to 39,4,Intersection,Turning Right,0,0,0,0,0,4,0,2,0,1,0
2992,0,,,0,0,2007-12-05T00:00:00,,0,81,18,1,None,75 to 79,0,Mid-Block,Going Ahead,0,0,0,0,0,5,0,1,0,0,0
2994,1,Yes,,0,0,2007-12-06T00:00:00,,0,86,17,1,None,Unknown,0,Intersection,Turning Left,0,0,0,0,0,5,0,1,0,0,0
2996,1,,Yes,0,0,2007-12-08T00:00:00,,0,119,19,1,Major,60 to 64,0,Mid-Block,Going Ahead,0,0,0,8,0,4,0,1,0,0,0
2997,1,,Yes,0,0,2007-12-08T00:00:00,,0,119,19,1,None,60 to 64,0,Mid-Block,Going Ahead,0,0,0,8,0,4,0,1,0,0,0
2999,1,Yes,,0,0,2007-12-10T00:00:00,,0,28,16,0,None,70 to 74,4,Intersection,Stopped,0,0,0,0,0,4,0,2,0,1,0
3001,1,Yes,,0,0,2007-12-10T00:00:00,,0,28,16,0,None,45 to 49,4,Intersection,Stopped,0,0,0,0,0,4,0,2,0,1,0
3002,1,Yes,,0,0,2007-12-10T00:00:00,,0,28,16,0,Major,30 to 34,4,Intersection,Stopped,0,0,0,0,0,4,0,2,0,1,0
3003,1,Yes,,0,0,2007-12-10T00:00:00,,0,28,16,0,None,55 to 59,4,Intersection,Stopped,0,0,0,0,0,4,0,2,0,1,0
3005,1,Yes,,0,0,2007-12-10T00:00:00,,0,28,16,0,Minor,70 to 74,4,Intersection,Going Ahead,0,0,0,0,0,4,0,2,0,1,0
3006,1,Yes,,0,0,2007-12-10T00:00:00,,0,28,16,0,None,35 to 39,4,Intersection,Stopped,0,0,0,0,0,4,0,2,0,1,0
3007,1,Yes,,0,0,2007-12-10T00:00:00,,0,30,17,1,None,25 to 29,0,Mid-Block,Going Ahead,0,0,0,8,0,0,0,1,0,0,0
3008,1,Yes,,0,0,2007-12-10T00:00:00,,0,30,17,2,Major,35 to 39,0,Mid-Block,Going Ahead,0,0,0,8,0,0,0,1,0,0,0
3009,1,,,0,0,2007-12-10T00:00:00,,0,2,18,1,None,35 to 39,0,Intersection,Going Ahead,0,0,0,8,0,5,0,1,0,0,0
3011,1,Yes,,0,0,2007-12-11T00:00:00,,0,7,6,4,None,55 to 59,0,Intersection,Turning Left,0,0,0,8,0,4,0,2,0,0,0
3013,1,,,0,0,2007-12-12T00:00:00,,0,90,12,3,Major,70 to 74,4,Mid-Block,Unknown,0,0,0,0,0,4,0,1,0,0,0
3014,1,,,0,0,2008-05-26T00:00:00,,0,76,14,4,None,50 to 54,4,Mid-Block,Turning Left,0,0,0,0,0,4,0,1,0,0,0
3017,1,,,0,0,2008-05-26T00:00:00,Yes,0,73,14,0,Major,60 to 64,4,Intersection,Going Ahead,0,0,0,0,0,4,0,1,1,0,0
3021,0,,,0,0,2008-04-28T00:00:00,Yes,0,1,17,0,Minimal,60 to 64,4,Intersection,Going Ahead,0,0,0,0,0,4,0,1,0,0,0
3022,1,,,0,0,2008-08-30T00:00:00,,0,76,3,4,None,25 to 29,4,Intersection,Turning Left,0,0,0,0,0,4,0,2,0,0,0
3024,1,,Yes,0,0,2008-02-17T00:00:00,,0,137,10,2,Major,65 to 69,4,Mid-Block,Going Ahead,0,0,0,8,0,4,0,1,0,0,5
3027,1,,,0,0,2008-08-31T00:00:00,,0,137,16,2,None,45 to 49,4,Intersection,Stopped,0,0,0,0,0,4,0,1,0,0,0
3028,1,Yes,Yes,0,0,2008-09-29T00:00:00,,0,57,4,2,Minor,50 to 54,0,Mid-Block,Going Ahead,0,0,0,0,0,4,0,1,0,0,0
3029,0,Yes,,0,0,2008-06-14T00:00:00,,0,116,0,2,None,45 to 49,0,Mid-Block,Going Ahead,0,0,0,8,0,5,0,1,0,0,5
3031,1,,,0,0,2008-05-26T00:00:00,Yes,0,73,14,4,None,50 to 54,4,Intersection,Slowing or Stopping,0,0,0,0,0,4,0,1,1,0,0
3032,1,,,0,0,2008-05-28T00:00:00,,0,77,8,1,None,40 to 44,4,Mid-Block,Going Ahead,0,0,0,0,0,5,0,1,0,0,0
3034,1,Yes,,0,0,2008-05-28T00:00:00,,0,55,16,0,Major,45 to 49,4,Intersection,Going Ahead,0,0,0,0,0,4,1,2,0,0,0
3035,1,Yes,,0,0,2008-05-28T00:00:00,,0,55,16,4,None,50 to 54,4,Intersection,Turning Left,0,0,0,0,0,4,1,2,0,0,0
3037,1,Yes,,0,0,2008-05-28T00:00:00,,0,31,23,4,None,65 to 69,0,Intersection,Turning Left,0,0,0,0,0,4,0,2,0,0,0
3038,1,Yes,,0,0,2008-05-28T00:00:00,,0,31,23,0,Major,35 to 39,0,Intersection,Going Ahead,0,0,0,0,0,4,0,2,0,0,0
3039,1,,,0,0,2008-01-17T00:00:00,,0,50,17,4,None,45 to 49,0,Mid-Block,Going Ahead,0,0,0,8,0,4,0,1,0,0,6
3042,0,,,0,0,2008-05-30T00:00:00,,0,95,7,4,None,40 to 44,4,Intersection,Turning Left,0,0,0,0,0,4,0,2,0,0,0
3044,1,Yes,,0,0,2008-05-30T00:00:00,Yes,0,138,11,1,Major,50 to 54,4,Intersection,Going Ahead,0,0,0,8,0,0,1,1,0,0,5
3048,1,Yes,,0,0,2008-06-01T00:00:00,,0,138,10,2,Minimal,25 to 29,4,Intersection,Going Ahead,0,0,0,0,0,4,1,2,0,0,0
3049,1,Yes,,0,0,2008-06-01T00:00:00,,0,138,10,4,Minimal,60 to 64,4,Intersection,Going Ahead,0,0,0,0,0,4,1,2,0,0,0
3052,1,Yes,,0,0,2008-06-01T00:00:00,,0,66,11,2,None,40 to 44,4,Intersection,Turning Left,0,0,0,0,0,4,0,2,0,0,0
3054,1,Yes,,0,0,2008-06-01T00:00:00,,0,8,18,4,None,50 to 54,4,Intersection,Going Ahead,0,0,0,0,0,5,0,2,0,0,0
3055,1,Yes,,0,0,2008-06-01T00:00:00,,0,8,18,2,Major,15 to 19,4,Intersection,Going Ahead,0,0,0,0,0,5,0,2,0,0,0
3057,1,,,0,0,2008-06-02T00:00:00,,0,111,11,4,Major,25 to 29,4,Mid-Block,Going Ahead,0,0,0,0,0,3,0,1,0,0,0
3058,1,,,0,0,2008-06-02T00:00:00,,0,49,14,0,None,70 to 74,4,Intersection,Stopped,0,0,0,0,0,4,0,2,0,0,0
3061,1,,,0,0,2008-06-02T00:00:00,,0,49,14,0,Major,60 to 64,4,Intersection,Pulling Onto Shoulder or towardCurb,0,0,0,0,0,4,0,2,0,0,0
3063,1,,,0,0,2008-06-02T00:00:00,,0,49,14,1,Minor,45 to 49,4,Intersection,Going Ahead,0,0,0,0,0,4,0,2,0,0,0
3064,1,,,0,0,2008-06-02T00:00:00,,0,49,14,2,None,45 to 49,4,Intersection,Going Ahead,0,0,0,0,0,4,0,2,0,0,0
3066,1,Yes,,0,0,2008-06-04T00:00:00,,0,21,13,4,Minimal,25 to 29,4,Intersection,Going Ahead,0,0,0,0,0,4,0,2,0,0,0
3068,1,Yes,,0,0,2008-06-03T00:00:00,,0,38,12,0,None,80 to 84,4,Intersection,Turning Left,0,0,0,8,0,4,0,2,0,0,5
3069,1,,,0,0,2008-06-03T00:00:00,,0,36,15,2,None,40 to 44,4,Mid-Block,Going Ahead,0,0,0,0,0,0,0,1,0,0,0
3072,1,Yes,,0,0,2008-06-04T00:00:00,,0,21,13,2,Minimal,50 to 54,4,Intersection,Stopped,0,0,0,0,0,4,0,2,0,0,0
3074,1,Yes,,0,0,2008-06-04T00:00:00,,0,21,13,1,Major,60 to 64,4,Intersection,Going Ahead,0,0,0,0,0,4,0,2,0,0,0
3075,1,,,0,0,2008-06-04T00:00:00,,0,131,18,3,None,60 to 64,4,Intersection,Going Ahead,0,0,0,0,0,5,0,1,0,0,0
3076,1,,,0,0,2008-06-04T00:00:00,,0,131,18,3,Major,65 to 69,4,Intersection,Changing Lanes,0,0,0,0,0,5,0,1,0,0,0
3077,1,,,0,0,2008-06-05T00:00:00,,0,23,12,2,Major,30 to 34,4,Intersection,Changing Lanes,0,0,0,0,0,4,0,1,0,0,0
3079,1,,,0,0,2008-06-05T00:00:00,,0,23,12,2,None,60 to 64,4,Intersection,Going Ahead,0,0,0,0,0,4,0,1,0,0,0
3080,1,,,0,0,2008-06-06T00:00:00,,0,110,7,0,Major,25 to 29,4,Intersection,Going Ahead,0,0,0,0,0,4,0,2,0,0,0
3081,1,,,0,0,2008-06-06T00:00:00,,0,110,7,0,None,55 to 59,4,Intersection,Stopped,0,0,0,0,0,4,0,2,0,0,0
3082,1,,,0,0,2008-06-06T00:00:00,,0,110,7,0,None,35 to 39,4,Intersection,Stopped,0,0,0,0,0,4,0,2,0,0,0
3084,1,Yes,,0,0,2008-06-08T00:00:00,,0,131,8,1,Minor,40 to 44,4,Intersection,Going Ahead,0,0,0,0,0,4,1,2,0,0,0
3085,1,Yes,,0,0,2008-06-08T00:00:00,,0,131,8,4,Minor,45 to 49,4,Intersection,Stopped,0,0,0,0,0,4,1,2,0,0,0
3088,1,Yes,,0,0,2008-06-08T00:00:00,,0,131,8,4,Major,20 to 24,4,Intersection,Going Ahead,0,0,0,0,0,4,1,2,0,0,0
3094,1,,,0,0,2008-06-08T00:00:00,Yes,0,23,17,2,Major,65 to 69,4,Mid-Block,Going Ahead,0,0,0,0,0,4,0,1,0,0,0
3095,1,,,0,0,2008-06-08T00:00:00,,0,1,21,3,Major,30 to 34,6,Mid-Block,Unknown,0,0,0,4,0,4,0,-1,0,0,4
3096,1,Yes,,0,0,2008-06-09T00:00:00,,0,119,12,0,Major,75 to 79,4,Intersection,Going Ahead,0,0,0,0,0,4,0,2,0,0,0
3098,1,Yes,,0,0,2008-06-09T00:00:00,,0,119,12,2,None,35 to 39,4,Intersection,Going Ahead,0,0,0,0,0,4,0,2,0,0,0
3105,1,,,0,0,2008-06-11T00:00:00,,0,76,5,4,None,50 to 54,4,Intersection,Going Ahead,0,0,0,0,0,4,0,2,1,0,0
3107,1,,,0,0,2008-06-11T00:00:00,,0,76,5,0,Major,60 to 64,4,Intersection,Going Ahead,0,0,0,0,0,4,0,2,1,0,0
3109,0,Yes,,0,0,2008-06-11T00:00:00,,0,19,20,1,None,55 to 59,6,Intersection,Turning Left,0,0,0,0,0,4,0,2,0,0,0
3111,1,,,0,0,2008-06-12T00:00:00,,0,77,8,0,None,30 to 34,4,Intersection,Stopped,0,0,0,0,0,4,0,2,0,0,0
3113,1,Yes,,0,0,2008-06-12T00:00:00,,0,96,9,4,None,60 to 64,4,Intersection,Going Ahead,0,0,0,0,0,4,0,0,0,0,0
3115,1,,,0,0,2008-06-12T00:00:00,,0,95,9,1,None,35 to 39,4,Intersection,Going Ahead,0,0,0,0,0,4,0,2,0,0,0
3117,1,,,0,0,2008-06-12T00:00:00,,0,111,22,0,Major,25 to 29,0,Mid-Block,Going Ahead,0,0,0,0,0,3,0,1,0,0,0
3119,1,Yes,,0,0,2008-06-13T00:00:00,,0,20,12,4,Minor,50 to 54,4,Intersection,Going Ahead,0,0,0,0,0,4,0,2,0,0,0
3122,1,Yes,,0,0,2008-06-13T00:00:00,,0,20,12,2,Minimal,50 to 54,4,Intersection,Going Ahead,0,0,0,0,0,4,0,2,0,0,0
3124,1,Yes,,0,0,2008-06-13T00:00:00,,0,20,12,0,Major,40 to 44,4,Intersection,Going Ahead,0,0,0,0,0,4,0,2,0,0,0
3126,1,,,0,0,2008-06-13T00:00:00,,0,80,14,4,None,60 to 64,4,Intersection,Changing Lanes,0,0,0,0,0,4,0,1,0,0,0
3129,1,,,0,0,2008-06-13T00:00:00,,0,53,23,2,Minimal,25 to 29,0,Mid-Block,Going Ahead,0,0,0,8,0,4,0,1,0,0,5
3132,1,Yes,,0,0,2008-08-04T00:00:00,Yes,0,121,17,2,Major,30 to 34,4,Intersection,Going Ahead,0,0,0,0,0,4,0,2,0,0,0
3134,1,,,0,0,2008-08-31T00:00:00,,0,137,16,2,None,35 to 39,4,Intersection,Going Ahead,0,0,0,0,0,4,0,1,0,0,0
3137,1,,,0,0,2008-03-28T00:00:00,,0,139,18,2,None,60 to 64,4,Mid-Block,Going Ahead,0,0,0,0,0,4,0,1,0,0,0
3140,1,Yes,,0,0,2008-06-14T00:00:00,,0,83,13,2,None,40 to 44,4,Mid-Block,Overtaking,0,0,0,0,0,4,0,1,0,0,0
3143,1,,,0,0,2008-06-14T00:00:00,,0,39,18,2,Major,75 to 79,4,Intersection,Changing Lanes,0,0,0,0,0,4,0,1,1,0,0
3146,1,,,0,0,2008-06-14T00:00:00,,0,39,18,2,None,25 to 29,4,Intersection,Going Ahead,0,0,0,0,0,4,0,1,1,0,0
3148,1,,,0,0,2008-06-15T00:00:00,,0,86,2,4,None,Unknown,0,Mid-Block,Going Ahead,0,0,0,0,0,5,0,1,0,0,0
3151,1,Yes,,0,0,2008-06-15T00:00:00,,0,4,18,0,Minor,25 to 29,0,Intersection,Going Ahead,0,0,0,8,0,4,0,2,0,0,5
3152,1,Yes,,0,0,2008-06-15T00:00:00,,0,4,18,4,Major,45 to 49,0,Intersection,Turning Left,0,0,0,8,0,4,0,2,0,0,5
3155,1,,,0,0,2008-06-16T00:00:00,,0,38,13,1,None,20 to 24,4,Mid-Block,Going Ahead,0,0,0,0,0,4,0,1,0,0,0
3160,1,,,0,0,2008-06-17T00:00:00,,0,16,15,4,None,45 to 49,4,Mid-Block,Going Ahead,0,0,0,0,0,4,0,1,0,0,0
3162,1,Yes,,0,0,2008-06-17T00:00:00,,0,94,16,0,None,70 to 74,4,Intersection,Going Ahead,0,0,0,0,0,5,0,2,0,0,0
3164,1,Yes,,0,0,2008-06-17T00:00:00,,0,94,16,2,None,50 to 54,4,Intersection,Going Ahead,0,0,0,0,0,5,0,2,0,0,0
3167,0,Yes,,0,0,2008-06-18T00:00:00,,0,111,9,1,None,55 to 59,4,Intersection,Going Ahead,0,0,0,0,0,5,0,2,0,0,0
3168,1,Yes,,0,0,2008-06-20T00:00:00,,0,26,10,4,None,Unknown,4,Intersection,Turning Left,0,0,0,0,0,4,0,1,0,0,0
3170,1,,,0,0,2008-06-20T00:00:00,Yes,0,127,15,0,Major,50 to 54,4,Mid-Block,Going Ahead,0,0,0,0,0,5,0,2,0,0,0
3172,1,,,0,0,2008-06-22T00:00:00,,0,23,18,1,None,45 to 49,4,Intersection,Going Ahead,0,0,0,0,0,4,0,2,0,0,0
3176,1,,,0,0,2008-06-23T00:00:00,,0,79,9,1,None,40 to 44,4,Intersection,Going Ahead,0,0,0,0,0,4,0,2,1,0,0
3177,1,Yes,,0,0,2008-06-24T00:00:00,,0,70,18,4,Major,35 to 39,4,Entrance Ramp Westbound,Going Ahead,0,0,0,0,0,4,1,1,0,0,0
3178,1,Yes,,0,0,2008-06-24T00:00:00,,0,70,18,4,None,50 to 54,4,Entrance Ramp Westbound,Changing Lanes,0,0,0,0,0,4,1,1,0,0,0
3180,0,Yes,,0,0,2008-06-24T00:00:00,,0,26,22,0,None,25 to 29,0,Intersection,Going Ahead,0,0,0,0,0,4,0,2,0,0,0
3183,1,,,0,0,2008-06-25T00:00:00,,0,136,7,1,None,40 to 44,4,Intersection,Turning Left,0,0,0,0,0,4,0,2,0,0,0
3185,1,,,0,0,2008-06-25T00:00:00,,0,97,18,1,None,65 to 69,4,Intersection,Turning Left,0,0,0,0,0,4,0,1,0,0,0
3189,1,,,0,0,2008-06-25T00:00:00,,0,26,20,1,None,35 to 39,4,Mid-Block,Going Ahead,0,0,0,0,0,3,0,1,0,0,0
3191,1,Yes,,0,0,2008-06-26T00:00:00,,0,120,8,1,None,15 to 19,4,Mid-Block,Going Ahead,0,0,0,0,0,4,0,1,0,0,0
3195,0,Yes,Yes,0,0,2008-06-27T00:00:00,,0,82,0,0,None,30 to 34,0,Intersection,Going Ahead,0,0,0,0,0,4,1,1,1,0,0
3197,0,Yes,Yes,0,0,2008-06-27T00:00:00,,0,82,0,4,Fatal,20 to 24,0,Intersection,Going Ahead,0,0,0,0,0,4,1,1,1,0,0
3199,1,,,0,0,2008-06-28T00:00:00,,0,79,16,4,None,35 to 39,4,Mid-Block,Going Ahead,0,0,0,0,0,4,0,1,0,0,0
3205,1,,Yes,0,0,2008-06-30T00:00:00,,0,16,1,4,Major,30 to 34,0,Mid-Block,Going Ahead,0,0,0,0,0,4,0,1,0,0,0
3206,1,,,0,0,2008-06-30T00:00:00,,0,83,10,0,None,45 to 49,4,Mid-Block,Parked,0,0,0,0,0,5,0,1,0,0,0
3209,1,Yes,,0,0,2008-06-30T00:00:00,,0,40,17,0,None,25 to 29,4,Intersection,Going Ahead,0,0,0,0,0,4,0,2,0,0,0
3214,1,Yes,,0,0,2008-07-03T00:00:00,,0,27,11,2,None,30 to 34,4,Intersection,Going Ahead,0,0,0,0,0,4,0,2,0,0,0
3216,1,Yes,,0,0,2008-07-03T00:00:00,,0,27,11,2,Minor,30 to 34,4,Intersection,Slowing or Stopping,0,0,0,0,0,4,0,2,0,0,0
3217,1,,,0,0,2008-07-04T00:00:00,,0,127,13,1,Minor,45 to 49,4,Intersection,Turning Left,0,0,0,0,0,4,0,2,0,0,0
3219,1,,,0,0,2008-07-04T00:00:00,,0,127,13,1,Major,25 to 29,4,Intersection,Going Ahead,0,0,0,0,0,4,0,2,0,0,0
3220,1,,,0,0,2008-07-04T00:00:00,,0,127,13,2,Major,25 to 29,4,Intersection,Going Ahead,0,0,0,0,0,4,0,2,0,0,0
3221,0,Yes,,0,0,2008-07-04T00:00:00,,0,138,13,4,Minor,25 to 29,4,Mid-Block,Going Ahead,0,0,0,0,0,4,0,1,0,0,0
3222,0,Yes,,0,0,2008-07-04T00:00:00,,0,138,13,0,Fatal,80 to 84,4,Mid-Block,Going Ahead,0,0,0,0,0,4,0,1,0,0,0
3223,1,,,0,0,2008-07-04T00:00:00,,0,110,17,0,None,50 to 54,4,Mid-Block,Changing Lanes,0,0,0,0,0,4,0,1,0,0,0
3226,1,Yes,,0,0,2008-07-07T00:00:00,,0,8,4,4,Major,20 to 24,0,Intersection,Pulling Onto Shoulder or towardCurb,0,0,0,0,0,4,0,2,0,0,0
3230,1,,,0,0,2008-07-10T00:00:00,,0,68,13,1,None,25 to 29,4,Mid-Block,Going Ahead,0,0,0,0,0,4,0,1,0,0,0
3233,0,Yes,,0,0,2008-07-11T00:00:00,,0,35,21,4,None,25 to 29,0,Mid-Block,Going Ahead,0,0,0,0,0,4,1,1,0,1,0
3235,0,Yes,,0,0,2008-07-11T00:00:00,,0,35,21,4,Minor,55 to 59,0,Mid-Block,Going Ahead,0,0,0,0,0,4,1,1,0,1,0
3236,0,Yes,,0,0,2008-07-11T00:00:00,,0,35,21,0,Fatal,30 to 34,0,Mid-Block,Going Ahead,0,0,0,0,0,4,1,1,0,1,0
3238,0,Yes,,0,0,2008-07-12T00:00:00,,0,8,0,2,Fatal,25 to 29,0,Intersection,Overtaking,0,0,0,0,0,4,1,1,0,0,0
3239,1,Yes,Yes,0,0,2008-09-29T00:00:00,,0,57,4,1,Minor,20 to 24,0,Mid-Block,Going Ahead,0,0,0,0,0,4,0,1,0,0,0
3240,1,,,0,0,2008-08-06T00:00:00,,0,37,22,1,None,Unknown,0,Intersection,Turning Left,0,0,0,0,0,4,0,2,0,0,0
3241,1,,,0,0,2008-01-17T00:00:00,,0,117,18,0,None,35 to 39,0,Intersection,Going Ahead,0,0,0,0,0,4,0,2,0,0,0
3245,1,,,0,0,2008-04-28T00:00:00,,0,43,20,0,None,35 to 39,4,Mid-Block,Going Ahead,0,0,0,0,0,4,0,1,0,0,0
3246,1,,,0,0,2008-07-13T00:00:00,,0,88,12,0,None,30 to 34,4,Mid-Block,Turning Left,0,0,0,0,0,4,0,1,0,0,0
3247,1,,Yes,0,0,2008-02-17T00:00:00,,0,137,10,1,Minimal,25 to 29,4,Mid-Block,Going Ahead,0,0,0,8,0,4,0,1,0,0,5
3250,1,,,0,0,2008-08-31T00:00:00,,0,137,16,1,None,30 to 34,4,Intersection,Going Ahead,0,0,0,0,0,4,0,1,0,0,0
3255,1,,,0,0,2008-03-29T00:00:00,,0,102,14,0,None,65 to 69,4,Mid-Block,Going Ahead,0,0,0,0,0,4,0,1,0,0,0
3256,1,,,0,0,2008-08-31T00:00:00,,0,137,16,2,Minor,40 to 44,4,Intersection,Going Ahead,0,0,0,0,0,4,0,1,0,0,0
3257,1,Yes,,0,0,2008-01-17T00:00:00,,0,57,19,1,Major,50 to 54,0,Mid-Block,Going Ahead,0,0,0,8,0,4,0,1,0,0,0
3258,1,Yes,Yes,0,0,2008-02-18T00:00:00,,0,19,1,0,Major,60 to 64,0,Mid-Block,Other,0,0,0,8,0,4,1,1,0,0,5
3259,1,Yes,Yes,0,0,2008-09-29T00:00:00,,0,57,4,2,Minimal,25 to 29,0,Mid-Block,Going Ahead,0,0,0,0,0,4,0,1,0,0,0
3261,1,Yes,,0,0,2008-02-20T00:00:00,,0,73,9,2,None,50 to 54,4,Mid-Block,Reversing,0,0,0,1,0,3,0,1,0,0,0
3263,0,,,0,0,2008-07-13T00:00:00,,0,96,20,2,None,60 to 64,6,Mid-Block,Reversing,0,0,0,0,0,3,0,1,0,0,0
3264,1,,Yes,0,0,2008-08-07T00:00:00,,0,66,1,4,Major,45 to 49,0,Intersection,Pulling Away from Shoulder or Curb,0,0,0,0,0,4,0,1,0,0,0
3265,1,Yes,,0,0,2008-08-31T00:00:00,,0,5,18,1,None,45 to 49,4,Intersection,Stopped,0,0,0,0,0,4,0,1,0,0,0
3267,0,,,0,0,2008-05-01T00:00:00,,0,123,7,2,None,35 to 39,4,Intersection,Turning Left,0,0,0,0,0,5,0,2,0,1,0
3268,1,Yes,,0,0,2008-01-17T00:00:00,,0,57,19,1,None,20 to 24,0,Mid-Block,Changing Lanes,0,0,0,8,0,4,0,1,0,0,0
3274,1,Yes,,0,0,2008-08-31T00:00:00,,0,5,18,1,Minor,30 to 34,4,Intersection,Going Ahead,0,0,0,0,0,4,0,1,0,0,0
3279,1,,Yes,0,0,2008-08-07T00:00:00,,0,66,1,0,None,35 to 39,0,Intersection,Going Ahead,0,0,0,0,0,4,0,1,0,0,0
3281,1,Yes,,0,0,2008-01-17T00:00:00,,0,57,19,1,Minimal,30 to 34,0,Mid-Block,Going Ahead,0,0,0,8,0,4,0,1,0,0,0
3285,1,Yes,,0,0,2008-08-31T00:00:00,,0,47,22,2,Major,50 to 54,0,Mid-Block,Going Ahead,0,0,0,0,0,4,1,1,0,0,0
3286,0,Yes,,0,0,2008-07-14T00:00:00,Yes,0,64,13,1,None,30 to 34,4,Intersection,Going Ahead,0,0,0,0,0,4,1,2,0,0,0
3288,1,,,0,0,2008-05-02T00:00:00,,0,131,7,1,Major,35 to 39,4,Mid-Block,Stopped,0,0,0,0,0,4,0,1,0,0,0
3290,1,Yes,,0,0,2008-02-23T00:00:00,,0,47,9,0,Major,45 to 49,4,Intersection,Going Ahead,0,0,0,0,0,4,0,2,0,0,0
3291,0,Yes,,0,0,2008-07-14T00:00:00,Yes,0,64,13,4,Major,60 to 64,4,Intersection,Going Ahead,0,0,0,0,0,4,1,2,0,0,0
3293,1,,,0,0,2008-09-30T00:00:00,,0,34,7,0,None,55 to 59,4,Intersection,Going Ahead,0,0,0,8,0,4,0,1,0,0,5
3294,1,,,0,0,2008-05-02T00:00:00,,0,131,7,1,None,35 to 39,4,Mid-Block,Changing Lanes,0,0,0,0,0,4,0,1,0,0,0
3296,1,,,0,0,2008-01-21T00:00:00,,0,81,11,1,Major,25 to 29,4,Intersection,Turning Right,0,0,0,0,0,3,0,1,0,0,0
3298,1,Yes,,0,0,2008-09-30T00:00:00,,0,87,11,4,Major,60 to 64,4,Intersection,Stopped,0,0,0,8,0,4,0,1,0,0,5
3300,1,,,0,0,2008-05-02T00:00:00,,0,128,15,2,None,60 to 64,4,Mid-Block,Going Ahead,0,0,0,8,0,4,0,1,0,0,5
3301,1,Yes,,0,0,2008-02-23T00:00:00,,0,47,9,2,Minor,35 to 39,4,Intersection,Going Ahead,0,0,0,0,0,4,0,2,0,0,0
3303,1,,,0,0,2008-01-21T00:00:00,,0,14,19,1,None,65 to 69,0,Intersection,Turning Left,0,0,0,0,0,4,0,2,0,0,0
3306,1,Yes,,0,0,2008-09-30T00:00:00,,0,87,11,4,Major,15 to 19,4,Intersection,Going Ahead,0,0,0,8,0,4,0,1,0,0,5
3308,0,,,0,0,2008-10-02T00:00:00,,0,50,10,1,None,45 to 49,4,Mid-Block,Going Ahead,0,0,0,0,0,4,0,1,0,0,0
3313,1,,,0,0,2008-10-02T00:00:00,,0,27,20,4,None,15 to 19,0,Mid-Block,Going Ahead,0,0,0,8,0,4,0,1,0,0,5
3314,1,Yes,,0,0,2008-04-01T00:00:00,,0,77,19,4,Major,50 to 54,0,Intersection,Going Ahead,0,0,0,0,0,4,0,2,0,0,0
3315,1,,,0,0,2008-10-03T00:00:00,,0,89,6,1,None,40 to 44,2,Intersection,Turning Right,0,0,0,0,0,4,0,2,0,0,0
3317,0,Yes,,0,0,2008-10-03T00:00:00,,0,85,23,0,Fatal,35 to 39,0,Mid-Block,Merging,0,0,0,0,0,4,1,1,0,0,0
3318,0,Yes,,0,0,2008-10-03T00:00:00,,0,85,23,0,None,40 to 44,0,Mid-Block,Stopped,0,0,0,0,0,4,1,1,0,0,0
3321,0,Yes,,0,0,2008-10-03T00:00:00,,0,85,23,0,None,30 to 34,0,Mid-Block,Going Ahead,0,0,0,0,0,4,1,1,0,0,0