,ACCLASS,AG_DRIV,ALCOHOL,AUTOMOBILE,CYCLIST,DATE,DISABILITY,EMERG_VEH,HOOD_ID,HOUR,INITDIR,INJURY,INVAGE,LIGHT,LOCCOORD,MANOEUVER,MOTORCYCLE,PASSENGER,PEDESTRIAN,RDSFCOND,REDLIGHT,ROAD_CLASS,SPEEDING,TRAFFCTL,TRSN_CITY_VEH,TRUCK,VISIBILITY
3324,1,,,0,0,2008-10-05T00:00:00,,0,78,3,2,None,45 to 49,0,Intersection,Going Ahead,0,0,0,0,0,4,0,1,0,0,0
3327,1,,,0,0,2008-10-05T00:00:00,,0,4,14,2,None,Unknown,4,Intersection,Going Ahead,0,0,0,0,0,4,0,2,0,0,0
3329,1,,,0,0,2008-10-06T00:00:00,,0,2,14,2,Major,75 to 79,4,Mid-Block,Going Ahead,0,0,0,0,0,5,0,1,0,0,0
3330,1,,,0,0,2008-10-07T00:00:00,,0,130,7,1,None,30 to 34,4,Mid-Block,Turning Left,0,0,0,0,0,0,0,1,0,0,0
3331,1,,,0,0,2008-10-07T00:00:00,,0,130,7,2,Major,25 to 29,4,Mid-Block,Going Ahead,0,0,0,0,0,0,0,1,0,0,0
3332,1,Yes,,0,0,2008-10-07T00:00:00,,0,137,22,2,Major,35 to 39,0,Mid-Block,Going Ahead,0,0,0,0,0,4,0,1,0,0,0
3333,1,Yes,,0,0,2008-10-07T00:00:00,,0,137,22,0,None,25 to 29,0,Mid-Block,Turning Left,0,0,0,0,0,4,0,1,0,0,0
3334,1,,,0,0,2008-10-08T00:00:00,,0,76,16,3,Major,Unknown,4,,Unknown,0,0,0,8,0,5,0,1,0,0,5
3335,1,,,0,0,2008-10-08T00:00:00,,0,76,16,1,None,25 to 29,4,,Reversing,0,0,0,8,0,5,0,1,0,0,5
3337,1,Yes,,0,0,2008-10-10T00:00:00,,0,6,10,1,Major,60 to 64,4,Intersection,Turning Left,0,0,0,0,0,4,0,2,0,0,0
3339,1,Yes,,0,0,2008-10-10T00:00:00,,0,6,10,4,None,50 to 54,4,Intersection,Going Ahead,0,0,0,0,0,4,0,2,0,0,0
3341,1,Yes,,0,0,2008-10-13T00:00:00,,0,138,1,4,None,30 to 34,0,Intersection,Going Ahead,0,0,0,0,0,4,0,2,0,0,0
3343,1,Yes,,0,0,2008-10-13T00:00:00,,0,138,1,2,Major,35 to 39,0,Intersection,Going Ahead,0,0,0,0,0,4,0,2,0,0,0
3344,1,Yes,,0,0,2008-10-14T00:00:00,,0,14,22,0,None,Unknown,0,Intersection,Turning Right,0,0,0,0,0,4,0,2,0,0,0
3347,1,Yes,,0,0,2008-10-16T00:00:00,,0,127,11,2,None,45 to 49,4,Intersection,Turning Right,0,0,0,0,0,4,0,2,0,1,4
3349,1,,,0,0,2008-10-16T00:00:00,,0,51,17,2,None,45 to 49,4,Mid-Block,Changing Lanes,0,0,0,0,0,4,0,1,0,0,0
3351,1,Yes,,0,0,2008-10-16T00:00:00,,0,118,19,1,None,50 to 54,0,Intersection,Turning Left,0,0,0,0,0,4,0,2,0,0,0
3354,1,Yes,,0,0,2008-10-17T00:00:00,,0,136,12,0,Major,20 to 24,4,Intersection,Going Ahead,0,0,0,0,0,4,0,2,0,0,0
3355,1,Yes,,0,0,2008-10-17T00:00:00,,0,136,12,1,None,50 to 54,4,Intersection,Going Ahead,0,0,0,0,0,4,0,2,0,0,0
3358,0,Yes,,0,0,2008-10-17T00:00:00,,0,60,17,4,None,80 to 84,4,Intersection,Going Ahead,0,0,0,0,0,5,0,2,0,0,0
3361,1,,,0,0,2008-10-17T00:00:00,,0,26,19,1,None,25 to 29,0,Intersection,Going Ahead,0,0,0,0,0,4,0,1,0,0,0
3363,1,Yes,,0,0,2008-10-18T00:00:00,,0,50,9,2,None,50 to 54,4,Intersection,Turning Left,0,0,0,4,0,4,0,2,0,0,0
3367,0,,,0,0,2008-10-18T00:00:00,,0,98,13,4,None,25 to 29,4,Mid-Block,Going Ahead,0,0,0,0,0,4,0,1,0,0,0
3368,0,,,0,0,2008-10-18T00:00:00,,0,98,13,0,Fatal,30 to 34,4,Mid-Block,Going Ahead,0,0,0,0,0,4,0,1,0,0,0
3369,0,,,0,0,2008-10-18T00:00:00,,0,98,13,4,None,20 to 24,4,Mid-Block,Going Ahead,0,0,0,0,0,4,0,1,0,0,0
3371,1,Yes,,0,0,2008-10-18T00:00:00,,0,130,15,2,None,45 to 49,4,Intersection,Turning Right,0,0,0,0,0,4,0,2,0,0,0
3374,1,Yes,,0,0,2008-10-19T00:00:00,,0,137,8,2,None,55 to 59,4,Intersection,Going Ahead,0,0,0,0,0,4,1,2,0,1,0
3378,1,,,0,0,2008-10-21T00:00:00,Yes,0,25,4,2,Major,60 to 64,0,Intersection,Reversing,0,0,0,8,0,4,0,2,0,0,5
3380,0,Yes,,0,0,2008-10-21T00:00:00,,0,1,5,2,Fatal,20 to 24,0,Mid-Block,Going Ahead,0,0,0,0,0,4,1,1,0,1,0
3382,1,Yes,,0,0,2008-10-21T00:00:00,,0,16,15,2,None,35 to 39,4,Intersection,Going Ahead,0,0,0,0,0,3,0,1,0,1,0
3385,1,,,0,0,2008-10-22T00:00:00,Yes,0,89,2,0,Major,75 to 79,0,Intersection,Going Ahead,0,0,0,0,0,4,0,1,0,0,0
3386,1,,,0,0,2008-10-22T00:00:00,,0,58,19,0,None,25 to 29,0,Intersection,Turning Left,0,0,0,0,0,5,0,2,0,0,0
3389,1,Yes,,0,0,2008-10-23T00:00:00,,0,27,14,2,None,40 to 44,4,Intersection,Turning Right,0,0,0,0,0,4,0,2,0,0,0
3392,0,,,0,0,2008-10-24T00:00:00,,0,43,22,4,None,60 to 64,0,Intersection,Going Ahead,0,0,0,8,0,4,0,2,0,0,5
3398,1,Yes,,0,0,2008-02-24T00:00:00,,0,1,12,0,None,40 to 44,4,Intersection,Going Ahead,0,0,0,0,0,4,0,2,0,0,0
3399,1,Yes,,0,0,2008-09-02T00:00:00,,0,91,9,1,None,20 to 24,4,Intersection,Turning Left,0,0,0,0,0,4,0,2,0,0,0
3401,1,,,0,0,2008-04-03T00:00:00,,0,128,17,4,Major,30 to 34,4,Mid-Block,Turning Right,0,0,0,0,0,5,0,1,0,0,0
3402,1,,,0,0,2008-08-07T00:00:00,,0,83,3,1,None,Unknown,0,,Going Ahead,0,0,0,0,0,4,0,2,0,0,0
3413,1,Yes,,0,0,2008-02-24T00:00:00,,0,1,12,1,Major,65 to 69,4,Intersection,Going Ahead,0,0,0,0,0,4,0,2,0,0,0
3415,0,,Yes,0,0,2008-05-03T00:00:00,,0,117,2,0,Fatal,20 to 24,0,Mid-Block,Going Ahead,0,0,0,8,0,0,0,1,0,0,2
3416,1,Yes,,0,0,2008-01-22T00:00:00,,0,87,8,4,None,50 to 54,4,Mid-Block,Going Ahead,0,0,0,3,0,4,0,1,0,0,6
3418,1,Yes,,0,0,2008-09-03T00:00:00,,0,119,10,2,None,40 to 44,4,Intersection,Going Ahead,0,0,0,0,0,4,0,2,0,0,0
3424,0,,Yes,0,0,2008-02-24T00:00:00,,0,36,21,1,Minor,65 to 69,0,Mid-Block,Going Ahead,0,0,0,0,0,4,0,1,0,0,0
3425,1,Yes,,0,0,2008-09-03T00:00:00,,0,119,10,2,Minor,20 to 24,4,Intersection,Stopped,0,0,0,0,0,4,0,2,0,0,0
3426,1,,,0,0,2008-04-03T00:00:00,,0,128,17,2,None,40 to 44,4,Mid-Block,Turning Left,0,0,0,0,0,5,0,1,0,0,0
3427,1,Yes,,0,0,2008-01-22T00:00:00,,0,87,8,0,Major,60 to 64,4,Mid-Block,Slowing or Stopping,0,0,0,3,0,4,0,1,0,0,6
3429,1,,Yes,0,0,2008-05-04T00:00:00,,0,31,23,2,Major,55 to 59,0,Mid-Block,Changing Lanes,0,0,0,0,0,4,0,1,0,0,0
3431,1,,,0,0,2008-04-06T00:00:00,,0,132,16,4,None,70 to 74,4,Intersection,Turning Left,0,0,0,0,0,4,0,2,0,0,0
3433,0,Yes,,0,0,2008-08-09T00:00:00,,0,99,10,0,None,60 to 64,4,Intersection,Turning Left,0,0,0,0,0,4,0,2,0,1,0
3436,0,Yes,,0,0,2008-07-14T00:00:00,Yes,0,64,13,4,None,50 to 54,4,Intersection,Stopped,0,0,0,0,0,4,1,2,0,0,0
3438,1,,Yes,0,0,2008-05-04T00:00:00,,0,31,23,2,Minor,20 to 24,0,Mid-Block,Going Ahead,0,0,0,0,0,4,0,1,0,0,0
3440,1,Yes,,0,0,2008-09-03T00:00:00,,0,1,14,2,Minimal,35 to 39,4,Mid-Block,Going Ahead,0,0,0,0,0,4,0,1,0,0,0
3443,1,Yes,,0,0,2008-09-03T00:00:00,,0,1,14,2,Major,45 to 49,4,Mid-Block,Stopped,0,0,0,0,0,4,0,1,0,0,0
3445,1,Yes,,0,0,2008-01-22T00:00:00,,0,87,8,0,Minimal,20 to 24,4,Mid-Block,Going Ahead,0,0,0,3,0,4,0,1,0,0,6
3446,1,,,0,0,2008-04-07T00:00:00,,0,71,12,2,None,30 to 34,4,Intersection,Stopped,0,0,0,0,0,4,0,2,0,0,0
3448,1,Yes,,0,0,2008-05-05T00:00:00,,0,27,11,0,None,70 to 74,4,Intersection,Stopped,0,0,0,0,0,0,0,2,0,0,0
3449,1,Yes,,0,0,2008-07-15T00:00:00,,0,53,19,4,None,25 to 29,6,Intersection,Going Ahead,0,0,0,0,0,4,0,2,0,0,0
3452,1,Yes,,0,0,2008-05-05T00:00:00,,0,27,11,1,None,55 to 59,4,Intersection,Stopped,0,0,0,0,0,0,0,2,0,0,0
3453,1,,,0,0,2008-01-23T00:00:00,,0,2,6,2,None,30 to 34,0,Intersection,Going Ahead,0,0,0,0,0,4,0,2,0,0,0
3454,1,Yes,,0,0,2008-09-03T00:00:00,,0,1,19,2,None,45 to 49,4,Mid-Block,Going Ahead,0,0,0,0,0,4,0,1,0,0,0
3456,1,,,0,0,2008-04-07T00:00:00,,0,71,12,4,Minimal,20 to 24,4,Intersection,Going Ahead,0,0,0,0,0,4,0,2,0,0,0
3457,0,,Yes,0,0,2008-02-24T00:00:00,,0,36,21,2,Minor,15 to 19,0,Mid-Block,Going Ahead,0,0,0,0,0,4,0,1,0,0,0
3458,1,Yes,,0,0,2008-05-05T00:00:00,,0,27,11,4,None,70 to 74,4,Intersection,Going Ahead,0,0,0,0,0,0,0,2,0,0,0
3461,1,Yes,,0,0,2008-09-03T00:00:00,,0,1,19,2,Minor,25 to 29,4,Mid-Block,Pulling Onto Shoulder or towardCurb,0,0,0,0,0,4,0,1,0,0,0
3463,1,Yes,,0,0,2008-09-03T00:00:00,,0,120,19,2,None,45 to 49,4,Mid-Block,Going Ahead,0,0,0,0,0,4,0,1,0,0,0
3464,1,Yes,,0,0,2008-09-04T00:00:00,,0,97,14,2,None,Unknown,4,Mid-Block,Changing Lanes,0,0,0,0,0,4,0,1,0,0,0
3468,1,Yes,Yes,0,0,2008-09-04T00:00:00,,0,75,23,0,None,20 to 24,4,Intersection,Turning Left,0,0,0,0,0,4,0,2,0,0,0
3470,1,,,0,0,2008-09-06T00:00:00,,0,13,6,4,None,45 to 49,0,Intersection,Going Ahead,0,0,0,8,0,4,0,2,0,0,5
3472,1,,,0,0,2008-09-06T00:00:00,,0,107,11,0,None,20 to 24,4,Mid-Block,Going Ahead,0,0,0,0,0,4,0,1,0,0,0
3475,1,,,0,0,2008-09-08T00:00:00,,0,14,8,0,None,20 to 24,4,Mid-Block,Going Ahead,0,0,0,0,0,0,0,1,0,0,0
3478,1,,,0,0,2008-09-08T00:00:00,,0,27,16,4,None,20 to 24,4,Intersection,Going Ahead,0,0,0,0,0,4,0,2,0,0,0
3480,0,,,0,0,2008-09-08T00:00:00,,0,131,21,1,None,25 to 29,0,Mid-Block,Going Ahead,0,0,0,8,0,4,0,1,0,0,5
3482,0,Yes,,0,0,2008-09-10T00:00:00,,0,30,8,0,None,50 to 54,4,Intersection,Turning Left,0,0,0,0,0,5,1,1,0,0,0
3484,1,Yes,,0,0,2008-09-10T00:00:00,,0,123,20,2,None,65 to 69,4,Intersection,Turning Left,0,0,0,0,0,5,0,2,0,0,0
3486,1,,,0,0,2008-09-10T00:00:00,,0,77,21,0,Major,40 to 44,0,Intersection,Going Ahead,0,0,0,0,0,4,0,1,0,0,0
3487,1,,,0,0,2008-09-11T00:00:00,,0,75,15,4,None,30 to 34,4,Intersection,Going Ahead,0,0,0,0,0,4,0,1,0,0,0
3490,1,,,0,0,2008-09-14T00:00:00,,0,77,21,0,Major,30 to 34,0,Mid-Block,Going Ahead,0,0,0,8,0,4,0,1,0,0,5
3491,1,,,0,0,2008-09-14T00:00:00,,0,77,22,0,Major,30 to 34,0,Intersection,Going Ahead,0,0,0,0,0,4,0,1,0,0,0
3492,1,Yes,,0,0,2008-09-14T00:00:00,,0,68,23,4,None,Unknown,0,Mid-Block,Going Ahead,0,0,0,8,0,3,0,1,0,0,5
3494,1,,,0,0,2008-09-15T00:00:00,,0,37,10,3,Major,20 to 24,4,,Changing Lanes,0,0,0,0,0,4,0,1,0,0,0
3495,1,,,0,0,2008-09-15T00:00:00,,0,36,22,3,Major,20 to 24,0,,Going Ahead,0,0,0,4,0,4,0,-1,0,0,4
3497,1,,,0,0,2008-09-16T00:00:00,,0,111,16,1,None,50 to 54,4,Intersection,Going Ahead,0,0,0,0,0,4,0,1,1,0,0
3500,0,,,0,0,2008-09-17T00:00:00,Yes,0,63,18,4,Fatal,45 to 49,4,Intersection,Going Ahead,0,0,0,0,0,4,0,2,0,1,0
3502,0,,,0,0,2008-09-17T00:00:00,Yes,0,63,18,0,None,50 to 54,4,Intersection,Stopped,0,0,0,0,0,4,0,2,0,1,0
3503,1,Yes,,0,0,2008-09-18T00:00:00,,0,78,16,2,None,55 to 59,4,Mid-Block,Making U Turn,0,0,0,0,0,5,0,1,0,0,0
3505,1,Yes,,0,0,2008-09-19T00:00:00,,0,2,8,4,None,Unknown,4,Intersection,Turning Left,0,0,0,0,0,5,0,2,0,0,0
3507,1,Yes,,0,0,2008-09-20T00:00:00,,0,6,10,2,Minimal,55 to 59,4,Intersection,Going Ahead,0,0,0,0,0,4,0,1,0,0,0
3508,1,Yes,,0,0,2008-09-20T00:00:00,,0,6,10,2,Major,45 to 49,4,Intersection,Slowing or Stopping,0,0,0,0,0,4,0,1,0,0,0
3509,1,,Yes,0,0,2008-09-21T00:00:00,,0,102,20,2,Major,65 to 69,0,Intersection,Going Ahead,0,0,0,0,0,4,0,2,0,0,0
3510,1,,Yes,0,0,2008-09-21T00:00:00,,0,102,20,4,None,80 to 84,0,Intersection,Turning Right,0,0,0,0,0,4,0,2,0,0,0
3511,1,Yes,,0,0,2008-09-22T00:00:00,,0,140,13,2,None,75 to 79,4,Mid-Block,Going Ahead,0,0,0,0,0,3,0,1,0,0,0
3514,0,,,0,0,2008-09-23T00:00:00,,0,1,16,2,Minor,35 to 39,4,Mid-Block,Going Ahead,0,0,0,8,0,4,0,1,0,1,0
3516,0,,,0,0,2008-09-23T00:00:00,,0,1,16,1,Fatal,25 to 29,4,Mid-Block,Pulling Away from Shoulder or Curb,0,0,0,8,0,4,0,1,0,1,0
3517,1,Yes,,0,0,2008-09-24T00:00:00,Yes,0,18,20,2,Major,25 to 29,0,Mid-Block,Going Ahead,0,0,0,0,0,4,1,1,0,0,0
3519,1,Yes,,0,0,2008-09-25T00:00:00,,0,1,6,4,None,55 to 59,2,Mid-Block,Turning Left,0,0,0,0,0,3,0,1,0,0,0
3521,1,Yes,,0,0,2008-09-25T00:00:00,,0,71,20,2,Major,45 to 49,0,Mid-Block,Going Ahead,0,0,0,0,0,4,0,1,0,0,0
3523,1,Yes,,0,0,2008-09-25T00:00:00,,0,71,20,2,None,65 to 69,0,Mid-Block,Making U Turn,0,0,0,0,0,4,0,1,0,0,0
3524,1,Yes,Yes,0,0,2008-09-25T00:00:00,,0,34,21,2,None,50 to 54,0,Intersection,Going Ahead,0,0,0,0,0,5,0,1,0,0,0
3525,1,Yes,Yes,0,0,2008-09-25T00:00:00,,0,34,21,2,Minor,25 to 29,0,Intersection,Going Ahead,0,0,0,0,0,5,0,1,0,0,0
3528,1,Yes,,0,0,2008-09-27T00:00:00,,0,126,20,2,None,20 to 24,0,Intersection,Going Ahead,0,0,0,8,0,4,1,2,0,0,5
3530,1,,,0,0,2008-09-28T00:00:00,,0,105,1,2,None,Unknown,0,Intersection,Going Ahead,0,0,0,8,0,4,0,2,0,0,2
3533,0,Yes,,0,0,2008-09-28T00:00:00,,0,26,5,0,Fatal,55 to 59,0,Intersection,Going Ahead,0,0,0,8,0,4,1,1,0,0,0
3535,1,,,0,0,2008-09-28T00:00:00,,0,70,15,0,Major,35 to 39,4,Intersection,Slowing or Stopping,0,0,0,0,0,4,0,2,0,0,0
3538,1,,,0,0,2008-05-07T00:00:00,,0,83,17,4,None,Unknown,4,Intersection,Going Ahead,0,0,0,8,0,4,0,1,0,0,5
3541,1,Yes,,0,0,2008-01-23T00:00:00,,0,108,10,1,None,Unknown,4,Intersection,Going Ahead,0,0,0,8,0,3,0,2,0,0,0
3542,1,Yes,,0,0,2008-07-15T00:00:00,,0,30,20,2,Major,50 to 54,4,Intersection,Turning Left,0,0,0,0,0,4,0,2,0,0,0
3544,1,Yes,,0,0,2008-07-15T00:00:00,,0,30,20,1,Minor,20 to 24,4,Intersection,Going Ahead,0,0,0,0,0,4,0,2,0,0,0
3545,1,Yes,,0,0,2008-02-26T00:00:00,,0,28,16,2,None,35 to 39,0,Mid-Block,Going Ahead,0,0,0,8,0,4,0,1,0,0,6
3550,1,Yes,,0,0,2008-07-16T00:00:00,,0,118,11,4,Major,55 to 59,4,Intersection,Turning Left,0,0,0,0,0,4,1,2,0,0,0
3555,1,Yes,,0,0,2008-07-16T00:00:00,,0,118,11,1,None,15 to 19,4,Intersection,Going Ahead,0,0,0,0,0,4,1,2,0,0,0
3556,1,Yes,,0,0,2008-07-16T00:00:00,Yes,0,51,16,1,Major,65 to 69,4,Intersection,Going Ahead,0,0,0,0,0,4,0,2,0,0,0
3557,1,Yes,,0,0,2008-07-16T00:00:00,Yes,0,51,16,1,None,55 to 59,4,Intersection,Stopped,0,0,0,0,0,4,0,2,0,0,0
3558,1,,,0,0,2008-07-18T00:00:00,,0,77,7,4,None,40 to 44,4,Mid-Block,Going Ahead,0,0,0,0,0,4,0,1,0,0,0
3559,1,,,0,0,2008-07-18T00:00:00,,0,77,7,4,Major,65 to 69,4,Mid-Block,Turning Left,0,0,0,0,0,4,0,1,0,0,0
3561,1,Yes,,0,0,2008-07-18T00:00:00,,0,69,8,1,None,30 to 34,4,Mid-Block,Turning Left,0,0,0,0,0,3,0,1,0,0,0
3563,1,,Yes,0,0,2008-07-19T00:00:00,,0,78,17,2,Major,45 to 49,4,Intersection,Going Ahead,0,0,0,0,0,4,0,2,0,0,0
3564,1,,Yes,0,0,2008-07-19T00:00:00,,0,78,17,1,None,25 to 29,4,Intersection,Turning Left,0,0,0,0,0,4,0,2,0,0,0
3569,1,,,0,0,2008-07-20T00:00:00,,0,111,3,1,Minimal,30 to 34,0,Intersection,Going Ahead,0,0,0,8,0,4,0,2,0,0,5
3570,1,,,0,0,2008-07-20T00:00:00,,0,111,3,2,Minimal,15 to 19,0,Intersection,Turning Left,0,0,0,8,0,4,0,2,0,0,5
3571,1,,,0,0,2008-07-20T00:00:00,,0,51,3,2,None,30 to 34,0,Mid-Block,Going Ahead,0,0,0,8,0,4,0,1,0,0,5
3574,0,,,0,0,2008-07-21T00:00:00,,0,50,3,4,Minor,30 to 34,0,Intersection,Going Ahead,0,0,0,0,0,4,0,2,0,0,0
3576,1,Yes,,0,0,2008-07-21T00:00:00,,0,58,8,4,None,50 to 54,0,Mid-Block,Going Ahead,0,0,0,8,0,4,0,1,0,0,5
3577,1,Yes,,0,0,2008-07-21T00:00:00,,0,58,8,4,None,35 to 39,0,Mid-Block,Going Ahead,0,0,0,8,0,4,0,1,0,0,5
3578,1,Yes,,0,0,2008-07-21T00:00:00,,0,58,8,4,Major,45 to 49,0,Mid-Block,Going Ahead,0,0,0,8,0,4,0,1,0,0,5
3579,1,Yes,,0,0,2008-07-21T00:00:00,,0,58,8,4,None,40 to 44,0,Mid-Block,Going Ahead,0,0,0,8,0,4,0,1,0,0,5
3580,1,Yes,,0,0,2008-07-22T00:00:00,,0,75,21,1,Major,35 to 39,4,Intersection,Going Ahead,0,0,0,0,0,4,0,2,0,0,0
3581,1,Yes,,0,0,2008-07-22T00:00:00,,0,75,21,1,None,25 to 29,4,Intersection,Slowing or Stopping,0,0,0,0,0,4,0,2,0,0,0
3582,1,,,0,0,2008-07-22T00:00:00,,0,78,23,1,None,60 to 64,0,Mid-Block,Going Ahead,0,0,0,8,0,4,0,1,0,0,5
3584,1,,,0,0,2008-07-22T00:00:00,,0,95,23,0,None,Unknown,0,Intersection,Unknown,0,0,0,8,0,4,0,2,0,0,5
3586,1,Yes,,0,0,2008-07-25T00:00:00,,0,85,11,0,Major,35 to 39,4,Mid-Block,Slowing or Stopping,0,0,0,0,0,4,1,1,0,0,0
3587,1,,,0,0,2008-07-28T00:00:00,,0,86,5,1,None,30 to 34,4,Intersection,Changing Lanes,0,0,0,0,0,5,0,1,0,0,0
3591,1,Yes,,0,0,2008-07-28T00:00:00,,0,57,14,2,None,50 to 54,4,Mid-Block,Reversing,0,0,0,0,0,5,0,1,0,0,0
3592,1,Yes,,0,0,2008-07-28T00:00:00,,0,57,15,4,None,30 to 34,4,Intersection,Going Ahead,0,0,0,0,0,5,0,2,0,0,0
3593,1,Yes,,0,0,2008-07-28T00:00:00,,0,57,15,1,Major,45 to 49,4,Intersection,Going Ahead,0,0,0,0,0,5,0,2,0,0,0
3595,1,,,0,0,2008-07-28T00:00:00,,0,21,20,4,None,Unknown,4,Intersection,Changing Lanes,0,0,0,0,0,4,0,2,1,0,0
3598,1,Yes,,0,0,2008-07-29T00:00:00,,0,26,7,0,None,55 to 59,4,Intersection,Turning Left,0,0,0,0,0,4,0,2,0,0,0
3604,1,,,0,0,2008-07-29T00:00:00,,0,123,12,0,None,55 to 59,4,Mid-Block,Going Ahead,0,0,0,0,0,3,0,1,0,0,0
3606,1,,,0,0,2008-07-31T00:00:00,,0,16,16,4,None,25 to 29,4,Intersection,Going Ahead,0,0,0,0,0,4,0,2,0,0,0
3609,1,Yes,Yes,0,0,2008-07-31T00:00:00,,0,77,22,2,None,55 to 59,0,Intersection,Going Ahead,0,0,0,0,0,4,0,2,0,0,0
3612,1,Yes,,0,0,2008-08-01T00:00:00,,0,93,18,2,Major,25 to 29,4,Mid-Block,Going Ahead,0,0,0,0,0,5,0,1,0,0,0
3614,1,Yes,,0,0,2008-08-01T00:00:00,,0,93,18,0,Minimal,20 to 24,4,Mid-Block,Turning Left,0,0,0,0,0,5,0,1,0,0,0
3615,1,Yes,Yes,0,0,2008-08-01T00:00:00,,0,136,21,4,None,15 to 19,0,Intersection,Going Ahead,0,0,0,0,0,4,1,2,0,0,0
3620,1,Yes,Yes,0,0,2008-08-01T00:00:00,,0,77,23,4,Minor,20 to 24,0,Intersection,Turning Left,0,0,0,0,0,4,0,2,0,0,0
3622,1,Yes,Yes,0,0,2008-08-01T00:00:00,,0,77,23,4,None,15 to 19,0,Intersection,Going Ahead,0,0,0,0,0,4,0,2,0,0,0
3625,1,Yes,,0,0,2008-08-02T00:00:00,,0,31,20,1,Major,35 to 39,4,Intersection,Going Ahead,0,0,0,0,0,5,0,2,0,0,0
3626,1,Yes,,0,0,2008-08-02T00:00:00,,0,31,20,4,None,35 to 39,4,Intersection,Turning Left,0,0,0,0,0,5,0,2,0,0,0
3629,1,Yes,,0,0,2008-08-04T00:00:00,Yes,0,121,17,2,Minor,50 to 54,4,Intersection,Stopped,0,0,0,0,0,4,0,2,0,0,0
3632,1,Yes,,0,0,2008-02-26T00:00:00,,0,1,20,0,Minor,20 to 24,0,Intersection,Stopped,0,0,0,8,0,4,1,2,0,0,6
3633,1,Yes,,0,0,2008-01-25T00:00:00,,0,86,9,1,Major,45 to 49,4,Intersection,Stopped,0,0,0,8,0,5,0,2,0,0,0
3635,1,,,0,0,2008-08-14T00:00:00,,0,107,16,2,None,Unknown,4,Mid-Block,Reversing,0,0,0,0,0,3,0,1,0,0,0
3636,1,Yes,,0,0,2008-02-26T00:00:00,,0,1,20,0,None,30 to 34,0,Intersection,Going Ahead,0,0,0,8,0,4,1,2,0,0,6
3638,1,Yes,,0,0,2008-01-25T00:00:00,,0,86,9,1,None,35 to 39,4,Intersection,Going Ahead,0,0,0,8,0,5,0,2,0,0,0
3640,0,Yes,,0,0,2008-01-25T00:00:00,,0,110,18,2,Fatal,75 to 79,0,Intersection,Going Ahead,0,0,0,0,0,5,1,2,0,0,0
3642,0,Yes,,0,0,2008-01-25T00:00:00,,0,110,18,0,None,25 to 29,0,Intersection,Going Ahead,0,0,0,0,0,5,1,2,0,0,0
3644,1,Yes,,0,0,2008-01-26T00:00:00,,0,97,10,1,None,40 to 44,4,Intersection,Going Ahead,0,0,0,8,0,4,0,2,0,0,0
3646,1,Yes,,0,0,2008-01-26T00:00:00,,0,97,10,2,Major,45 to 49,4,Intersection,Turning Left,0,0,0,8,0,4,0,2,0,0,0
3649,1,Yes,,0,0,2008-01-27T00:00:00,,0,126,10,1,None,25 to 29,4,Intersection,Slowing or Stopping,0,0,0,8,0,4,0,2,0,0,0
3651,1,Yes,,0,0,2008-01-28T00:00:00,,0,116,8,1,None,55 to 59,4,Intersection,Turning Left,0,0,0,0,0,5,0,2,0,0,0
3653,1,,,0,0,2008-01-29T00:00:00,,0,75,17,0,None,50 to 54,0,Intersection,Slowing or Stopping,0,0,0,8,0,5,0,1,0,0,0
3655,1,Yes,,0,0,2008-01-29T00:00:00,,0,70,19,4,None,20 to 24,0,Intersection,Turning Left,0,0,0,8,0,5,0,1,0,0,5
3657,1,Yes,,0,0,2008-01-29T00:00:00,,0,70,21,1,None,55 to 59,0,Mid-Block,Going Ahead,0,0,0,8,0,5,0,2,0,0,5
3659,1,Yes,,0,0,2008-01-29T00:00:00,,0,108,23,0,Major,40 to 44,0,Mid-Block,Parked,0,0,0,8,0,4,0,1,0,0,5
3661,1,Yes,,0,0,2008-01-29T00:00:00,,0,108,23,0,Minor,35 to 39,0,Mid-Block,Going Ahead,0,0,0,8,0,4,0,1,0,0,5
3663,1,,,0,0,2008-01-30T00:00:00,,0,83,10,1,None,25 to 29,4,Mid-Block,Going Ahead,0,0,0,0,0,4,0,2,0,0,0
3666,0,,,0,0,2008-01-31T00:00:00,,0,47,14,4,Minor,85 to 89,4,Intersection,Turning Left,0,0,0,0,0,4,0,2,0,0,0
3668,1,Yes,,0,0,2008-02-02T00:00:00,,0,137,12,1,Major,80 to 84,4,Intersection,Turning Left,0,0,0,8,0,5,1,2,0,0,0
3669,1,Yes,,0,0,2008-02-02T00:00:00,,0,137,12,2,Major,20 to 24,4,Intersection,Going Ahead,0,0,0,8,0,5,1,2,0,0,0
3672,1,Yes,,0,0,2008-02-02T00:00:00,,0,129,23,1,Minor,20 to 24,0,Mid-Block,Going Ahead,0,0,0,6,0,4,1,1,0,0,6
3674,1,Yes,,0,0,2008-02-02T00:00:00,,0,129,23,2,None,15 to 19,0,Mid-Block,Going Ahead,0,0,0,6,0,4,1,1,0,0,6
3676,1,Yes,Yes,0,0,2008-02-03T00:00:00,,0,131,3,4,Minor,35 to 39,0,Intersection,Going Ahead,0,0,0,0,0,4,0,2,0,0,0
3677,1,Yes,Yes,0,0,2008-02-03T00:00:00,,0,131,3,2,None,15 to 19,0,Intersection,Going Ahead,0,0,0,0,0,4,0,2,0,0,0
3679,1,Yes,,0,0,2008-02-03T00:00:00,,0,126,15,2,Major,50 to 54,4,Mid-Block,Going Ahead,0,0,0,8,0,4,1,1,0,0,0