,ACCLASS,AG_DRIV,ALCOHOL,AUTOMOBILE,CYCLIST,DATE,DISABILITY,EMERG_VEH,HOOD_ID,HOUR,INITDIR,INJURY,INVAGE,LIGHT,LOCCOORD,MANOEUVER,MOTORCYCLE,PASSENGER,PEDESTRIAN,RDSFCOND,REDLIGHT,ROAD_CLASS,SPEEDING,TRAFFCTL,TRSN_CITY_VEH,TRUCK,VISIBILITY
3989,1,Yes,,0,0,2008-08-23T00:00:00,,0,73,21,4,None,Unknown,0,Intersection,Unknown,0,0,0,0,0,4,1,2,0,0,0
3990,1,Yes,Yes,0,0,2008-08-26T00:00:00,,0,70,2,2,Major,30 to 34,0,Intersection,Going Ahead,0,0,0,0,0,4,0,2,0,0,0
3993,1,Yes,Yes,0,0,2008-08-26T00:00:00,,0,70,2,4,Major,25 to 29,0,Intersection,Going Ahead,0,0,0,0,0,4,0,2,0,0,0
3994,1,,,0,0,2008-08-26T00:00:00,,0,94,7,4,None,30 to 34,4,Mid-Block,Parked,0,0,0,0,0,4,0,1,0,0,0
3997,0,,,0,0,2008-08-26T00:00:00,,0,26,11,0,None,65 to 69,4,Mid-Block,Reversing,0,0,0,0,0,0,0,1,0,0,0
3999,1,Yes,,0,0,2008-08-27T00:00:00,,0,108,7,0,Major,50 to 54,4,Intersection,Going Ahead,0,0,0,0,0,4,0,2,0,0,0
4000,1,Yes,,0,0,2008-08-27T00:00:00,,0,108,7,1,Minimal,55 to 59,4,Intersection,Turning Left,0,0,0,0,0,4,0,2,0,0,0
4001,1,,,0,0,2008-08-27T00:00:00,,0,119,13,2,Major,45 to 49,4,Intersection,Going Ahead,0,0,0,0,0,4,0,2,0,0,0
4004,1,,,0,0,2008-08-28T00:00:00,,0,19,14,0,Minor,50 to 54,4,Intersection,Going Ahead,0,0,0,0,0,4,0,2,0,1,0
4005,1,,,0,0,2008-08-28T00:00:00,,0,19,14,0,Major,25 to 29,4,Intersection,Making U Turn,0,0,0,0,0,4,0,2,0,1,0
4006,1,Yes,,0,0,2008-08-28T00:00:00,,0,118,20,4,None,Unknown,0,Intersection,Going Ahead,0,0,0,0,0,4,0,2,0,0,0
4008,1,Yes,,0,0,2008-08-29T00:00:00,,0,88,13,1,None,80 to 84,4,Mid-Block,Going Ahead,0,0,0,0,0,5,0,1,0,0,0
4010,1,Yes,,0,0,2008-08-29T00:00:00,,0,44,14,4,Major,45 to 49,4,Intersection,Going Ahead,0,0,0,0,0,0,0,2,0,1,0
4012,1,Yes,,0,0,2008-08-29T00:00:00,,0,44,14,1,Minimal,70 to 74,4,Intersection,Going Ahead,0,0,0,0,0,0,0,2,0,1,0
4014,1,,,0,0,2008-08-30T00:00:00,,0,76,3,2,None,40 to 44,4,Intersection,Going Ahead,0,0,0,0,0,4,0,2,0,0,0
4016,1,,,0,0,2008-08-30T00:00:00,,0,76,3,2,None,40 to 44,4,Intersection,Going Ahead,0,0,0,0,0,4,0,2,0,0,0
4017,1,Yes,,0,0,2009-03-11T00:00:00,,0,40,8,1,None,45 to 49,4,Intersection,Turning Right,0,0,0,0,0,0,0,1,1,0,0
4020,1,Yes,,0,0,2009-01-02T00:00:00,,0,132,21,4,Major,20 to 24,0,Intersection,Going Ahead,0,0,0,8,0,0,0,2,0,0,4
4022,1,Yes,,0,0,2009-05-22T00:00:00,,0,111,18,1,None,50 to 54,4,Intersection,Going Ahead,0,0,0,0,0,4,0,2,0,0,0
4023,1,,,0,0,2009-03-11T00:00:00,,0,88,21,1,None,40 to 44,0,Intersection,Going Ahead,0,0,0,0,0,4,0,1,1,0,0
4024,1,,,0,0,2009-03-12T00:00:00,Yes,0,25,15,4,None,80 to 84,4,Mid-Block,Going Ahead,0,0,0,0,0,3,0,1,0,0,0
4027,1,,,0,0,2009-03-13T00:00:00,,0,1,5,4,Minimal,50 to 54,0,Intersection,Turning Left,0,0,0,0,0,0,0,2,0,1,0
4029,1,,,0,0,2009-03-13T00:00:00,,0,1,5,1,Major,45 to 49,0,Intersection,Going Ahead,0,0,0,0,0,0,0,2,0,1,0
4032,0,Yes,,0,0,2009-03-13T00:00:00,,0,70,9,4,None,40 to 44,4,Intersection,Going Ahead,0,0,0,4,0,5,0,2,1,0,4
4034,1,Yes,,0,0,2008-10-27T00:00:00,,0,127,7,0,None,50 to 54,4,Intersection,Turning Left,0,0,0,0,0,4,0,2,0,0,0
4035,1,Yes,,0,0,2009-08-11T00:00:00,,0,131,22,2,None,40 to 44,0,Intersection,Going Ahead,0,0,0,0,0,4,0,2,0,0,0
4037,1,Yes,,0,0,2008-11-21T00:00:00,,0,113,18,0,Major,30 to 34,4,Mid-Block,Stopped,0,0,0,0,0,4,0,1,0,0,0
4038,1,,,0,0,2009-03-14T00:00:00,,0,76,17,2,None,50 to 54,4,Mid-Block,Going Ahead,0,0,0,0,0,4,0,1,0,0,0
4040,1,Yes,,0,0,2009-03-17T00:00:00,,0,112,18,2,None,65 to 69,4,Mid-Block,Stopped,0,0,0,0,0,4,0,1,0,0,0
4042,1,Yes,,0,0,2009-03-17T00:00:00,,0,112,18,2,Major,20 to 24,4,Mid-Block,Going Ahead,0,0,0,0,0,4,0,1,0,0,0
4043,1,,,0,0,2009-03-19T00:00:00,,0,123,23,0,None,40 to 44,0,Intersection,Going Ahead,0,0,0,0,0,4,0,2,0,0,0
4045,1,,,0,0,2009-03-20T00:00:00,,0,31,8,4,None,30 to 34,4,Mid-Block,Going Ahead,0,0,0,4,0,4,0,1,0,0,0
4047,1,,,0,0,2009-03-21T00:00:00,,0,1,21,0,None,80 to 84,0,Mid-Block,Going Ahead,0,0,0,0,0,4,0,1,0,0,0
4050,0,Yes,,0,0,2009-03-25T00:00:00,,0,77,21,2,None,30 to 34,0,Intersection,Turning Right,0,0,0,8,0,5,0,2,0,1,5
4053,1,,,0,0,2009-03-27T00:00:00,,0,18,19,4,Major,40 to 44,4,Mid-Block,Turning Right,0,0,0,0,0,3,0,1,0,0,0
4054,1,Yes,,0,0,2009-03-27T00:00:00,,0,28,23,1,None,Unknown,0,Mid-Block,Going Ahead,0,0,0,0,0,4,0,1,0,0,0
4056,1,Yes,,0,0,2009-03-28T00:00:00,,0,86,14,4,None,Unknown,4,Intersection,Unknown,0,0,0,0,0,5,0,1,0,0,0
4061,1,,,0,0,2009-03-29T00:00:00,,0,91,2,0,Minimal,20 to 24,0,Intersection,Stopped,0,0,0,0,0,4,0,2,0,0,0
4063,1,,,0,0,2009-03-29T00:00:00,,0,91,2,3,,Unknown,0,Intersection,,0,0,0,0,0,4,0,2,0,0,0
4065,1,,,0,0,2009-03-31T00:00:00,,0,120,9,4,Major,30 to 34,4,Mid-Block,Going Ahead,0,0,0,0,0,4,0,1,0,0,0
4066,1,,,0,0,2009-03-31T00:00:00,,0,120,9,0,Minor,50 to 54,4,Mid-Block,Other,0,0,0,0,0,4,0,1,0,0,0
4067,1,Yes,,0,0,2009-04-01T00:00:00,,0,30,12,0,None,15 to 19,4,Mid-Block,Going Ahead,0,0,0,0,0,6,0,1,0,0,0
4068,1,Yes,,0,0,2009-04-01T00:00:00,,0,30,12,0,Major,40 to 44,4,Mid-Block,Stopped,0,0,0,0,0,6,0,1,0,0,0
4070,1,Yes,,0,0,2009-04-09T00:00:00,,0,131,0,0,None,25 to 29,0,Mid-Block,Going Ahead,0,0,0,0,0,4,1,1,0,0,0
4071,1,,,0,0,2009-04-02T00:00:00,Yes,0,119,11,2,Major,80 to 84,4,Mid-Block,Going Ahead,0,0,0,0,0,4,0,1,0,0,0
4073,0,,,0,0,2009-04-03T00:00:00,,0,71,14,4,None,15 to 19,4,Intersection,Turning Left,0,0,0,8,0,4,0,2,0,0,5
4076,0,,Yes,0,0,2009-04-04T00:00:00,,0,79,2,1,None,20 to 24,0,Intersection,Going Ahead,0,0,0,8,0,4,0,1,0,0,5
4077,1,,,0,0,2009-04-06T00:00:00,,0,129,21,0,Major,55 to 59,0,Intersection,Going Ahead,0,0,0,1,0,4,0,2,1,0,3
4080,1,,,0,0,2009-04-06T00:00:00,,0,129,21,0,Minor,45 to 49,0,Intersection,Going Ahead,0,0,0,1,0,4,0,2,1,0,3
4082,1,,,0,0,2009-04-06T00:00:00,,0,129,21,0,None,30 to 34,0,Intersection,Stopped,0,0,0,1,0,4,0,2,1,0,3
4083,1,Yes,Yes,0,0,2009-04-06T00:00:00,,0,1,21,4,Minor,40 to 44,0,Mid-Block,Going Ahead,0,0,0,1,0,4,1,1,0,0,3
4084,1,Yes,Yes,0,0,2009-04-06T00:00:00,,0,1,21,4,Major,35 to 39,0,Mid-Block,Going Ahead,0,0,0,1,0,4,1,1,0,0,3
4086,1,,,0,0,2009-04-07T00:00:00,,0,1,0,4,Major,45 to 49,0,Mid-Block,Going Ahead,0,0,0,1,0,4,0,1,0,0,3
4088,1,Yes,,0,0,2009-04-07T00:00:00,,0,77,12,4,None,30 to 34,4,Intersection,Going Ahead,0,0,0,0,0,4,0,2,0,0,0
4089,1,Yes,,0,0,2009-04-07T00:00:00,,0,77,12,0,Major,60 to 64,4,Intersection,Going Ahead,0,0,0,0,0,4,0,2,0,0,0
4090,1,Yes,Yes,0,0,2009-04-07T00:00:00,,0,57,16,2,Major,55 to 59,4,Intersection,Going Ahead,0,0,0,0,0,5,1,1,0,0,0
4092,1,,,0,0,2009-04-08T00:00:00,,0,15,14,2,None,30 to 34,4,Mid-Block,Going Ahead,0,0,0,0,0,0,0,1,0,0,0
4095,1,Yes,,0,0,2009-04-09T00:00:00,,0,131,0,1,None,50 to 54,0,Mid-Block,Going Ahead,0,0,0,0,0,4,1,1,0,0,0
4097,1,Yes,,0,0,2009-04-10T00:00:00,,0,80,9,2,None,75 to 79,4,Intersection,Turning Left,0,0,0,0,0,4,0,2,0,0,0
4101,1,,,0,0,2009-04-10T00:00:00,,0,119,18,2,Major,35 to 39,4,Intersection,Going Ahead,0,0,0,0,0,4,0,1,0,0,0
4103,1,,,0,0,2009-04-11T00:00:00,,0,59,20,2,None,70 to 74,0,Intersection,Going Ahead,0,0,0,0,0,5,0,2,0,0,0
4105,1,,,0,0,2009-04-13T00:00:00,,0,128,23,4,None,60 to 64,0,Intersection,Going Ahead,0,0,0,0,0,4,0,2,0,0,0
4107,1,,,0,0,2009-04-15T00:00:00,Yes,0,1,15,4,Major,60 to 64,4,Intersection,Going Ahead,0,0,0,0,0,5,0,1,0,0,0
4108,0,,,0,0,2009-04-17T00:00:00,,0,91,10,0,None,20 to 24,4,Intersection,Reversing,0,0,0,0,0,5,0,2,0,0,0
4110,1,Yes,,0,0,2009-04-17T00:00:00,,0,1,18,2,Minor,35 to 39,4,Mid-Block,Overtaking,0,0,0,0,0,3,0,1,0,1,0
4112,1,Yes,,0,0,2009-04-17T00:00:00,,0,1,18,2,None,40 to 44,4,Mid-Block,Turning Left,0,0,0,0,0,3,0,1,0,1,0
4115,1,Yes,,0,0,2009-04-18T00:00:00,,0,77,15,2,Minimal,55 to 59,4,Intersection,Stopped,0,0,0,0,0,4,0,2,0,0,0
4116,1,Yes,,0,0,2009-07-16T00:00:00,,0,128,0,4,Major,35 to 39,0,Mid-Block,Going Ahead,0,0,0,0,0,4,1,1,0,0,0
4117,1,Yes,,0,0,2009-04-18T00:00:00,,0,77,15,4,Minimal,40 to 44,4,Intersection,Going Ahead,0,0,0,0,0,4,0,2,0,0,0
4123,1,Yes,,0,0,2009-04-18T00:00:00,,0,77,15,1,Minimal,35 to 39,4,Intersection,Going Ahead,0,0,0,0,0,4,0,2,0,0,0
4124,1,,,0,0,2009-04-18T00:00:00,,0,1,22,3,Minor,40 to 44,0,Mid-Block,Going Ahead,0,0,0,0,0,4,0,1,0,0,0
4125,1,,,0,0,2009-04-18T00:00:00,,0,1,22,3,Major,Unknown,0,Mid-Block,Stopped,0,0,0,0,0,4,0,1,0,0,0
4127,1,Yes,,0,0,2009-01-02T00:00:00,,0,132,21,1,None,20 to 24,0,Intersection,Going Ahead,0,0,0,8,0,0,0,2,0,0,4
4128,0,Yes,,0,0,2009-04-20T00:00:00,,0,86,13,0,None,40 to 44,4,Intersection,Turning Left,0,0,0,8,0,5,0,2,1,0,5
4129,1,,,0,0,2008-10-29T00:00:00,,0,27,17,0,None,Unknown,4,Mid-Block,Going Ahead,0,0,0,0,0,6,0,1,0,0,0
4130,1,Yes,,0,0,2009-07-16T00:00:00,,0,128,0,0,None,35 to 39,0,Mid-Block,Turning Left,0,0,0,0,0,4,1,1,0,0,0
4131,1,Yes,,0,0,2009-01-03T00:00:00,,0,28,3,2,Minor,25 to 29,0,Intersection,Stopped,0,0,0,8,0,4,0,0,0,0,0
4133,1,Yes,,0,0,2009-08-11T00:00:00,,0,131,22,4,None,20 to 24,0,Intersection,Going Ahead,0,0,0,0,0,4,0,2,0,0,0
4134,1,Yes,,0,0,2008-11-23T00:00:00,,0,80,1,0,None,45 to 49,0,Intersection,Turning Right,0,0,0,0,0,4,0,2,0,0,0
4135,1,,,0,0,2009-02-12T00:00:00,,0,84,14,2,None,45 to 49,4,Intersection,Going Ahead,0,0,0,0,0,5,0,1,1,0,0
4136,1,Yes,,0,0,2009-05-22T00:00:00,,0,89,21,0,None,35 to 39,0,Mid-Block,Going Ahead,0,0,0,0,0,5,0,1,0,0,0
4137,1,,,0,0,2009-06-13T00:00:00,,0,93,18,0,None,15 to 19,4,Mid-Block,Making U Turn,0,0,0,0,0,4,0,1,0,0,0
4138,1,Yes,,0,0,2009-01-03T00:00:00,,0,28,3,2,Major,20 to 24,0,Intersection,Going Ahead,0,0,0,8,0,4,0,0,0,0,0
4139,1,,,0,0,2008-10-29T00:00:00,,0,135,9,4,Major,60 to 64,4,Mid-Block,Going Ahead,0,0,0,1,0,4,0,1,0,0,6
4145,0,,Yes,0,0,2009-02-13T00:00:00,,0,137,1,4,Minor,20 to 24,0,Mid-Block,Going Ahead,0,0,0,0,0,0,0,1,0,0,0
4146,1,,,0,0,2008-10-29T00:00:00,,0,135,9,0,Minimal,30 to 34,4,Mid-Block,Going Ahead,0,0,0,1,0,4,0,1,0,0,6
4150,1,,Yes,0,0,2009-06-14T00:00:00,,0,16,22,0,Minimal,30 to 34,0,Mid-Block,Going Ahead,0,0,0,0,0,4,0,1,0,0,0
4152,1,,,0,0,2009-02-13T00:00:00,,0,51,17,1,None,30 to 34,4,Intersection,Going Ahead,0,0,0,0,0,4,0,1,0,0,0
4153,1,,,0,0,2009-04-22T00:00:00,,0,3,5,4,None,40 to 44,2,Intersection,Going Ahead,0,0,0,0,0,4,0,2,0,0,0
4155,1,,,0,0,2009-07-17T00:00:00,,0,79,10,0,None,35 to 39,4,Intersection,Turning Right,0,0,0,0,0,4,0,2,0,0,0
4156,1,,,0,0,2009-01-03T00:00:00,,0,76,19,2,Major,40 to 44,1,Mid-Block,Unknown,0,0,0,4,0,4,0,1,0,0,0
4157,1,,,0,0,2008-11-23T00:00:00,Yes,0,132,19,2,Major,25 to 29,4,Intersection,Turning Left,0,0,0,0,0,5,0,2,0,0,0
4161,1,,,0,0,2009-08-12T00:00:00,,0,112,14,1,None,40 to 44,4,Mid-Block,Going Ahead,0,0,0,0,0,0,0,1,0,0,0
4164,1,Yes,,0,0,2009-05-24T00:00:00,,0,127,13,0,Minor,45 to 49,4,Intersection,Going Ahead,0,0,0,0,0,4,0,2,0,0,0
4165,1,Yes,,0,0,2009-05-24T00:00:00,,0,127,13,0,Minimal,40 to 44,4,Intersection,Going Ahead,0,0,0,0,0,4,0,2,0,0,0
4167,1,Yes,,0,0,2009-05-24T00:00:00,,0,127,13,0,Minimal,45 to 49,4,Intersection,Going Ahead,0,0,0,0,0,4,0,2,0,0,0
4168,1,Yes,,0,0,2009-05-24T00:00:00,,0,127,13,1,Minimal,60 to 64,4,Intersection,Going Ahead,0,0,0,0,0,4,0,2,0,0,0
4169,1,Yes,,0,0,2009-05-25T00:00:00,,0,27,17,0,Major,35 to 39,4,Mid-Block,Going Ahead,0,0,0,0,0,4,0,1,0,0,0
4170,1,Yes,,0,0,2009-05-25T00:00:00,,0,27,17,1,None,25 to 29,4,Mid-Block,Turning Left,0,0,0,0,0,4,0,1,0,0,0
4171,1,,,0,0,2009-05-26T00:00:00,,0,110,19,4,None,25 to 29,4,Intersection,Turning Right,0,0,0,8,0,5,0,2,0,0,5
4173,1,,,0,0,2009-02-16T00:00:00,,0,34,16,0,None,55 to 59,4,Mid-Block,Reversing,0,0,0,0,0,3,0,1,0,0,0
4178,1,,,0,0,2009-05-27T00:00:00,Yes,0,65,13,1,None,35 to 39,4,Intersection,Going Ahead,0,0,0,0,0,5,0,2,0,0,0
4179,1,,,0,0,2009-05-27T00:00:00,Yes,0,65,13,4,None,45 to 49,4,Intersection,Stopped,0,0,0,0,0,5,0,2,0,0,0
4181,1,,,0,0,2009-05-27T00:00:00,Yes,0,65,13,2,Major,35 to 39,4,Intersection,Turning Left,0,0,0,0,0,5,0,2,0,0,0
4182,1,,,0,0,2009-05-27T00:00:00,Yes,0,1,15,0,Major,65 to 69,4,Intersection,Going Ahead,0,0,0,8,0,4,0,2,0,0,5
4184,1,Yes,,0,0,2009-05-27T00:00:00,,0,137,23,1,None,30 to 34,0,Intersection,Turning Left,0,0,0,8,0,4,0,2,0,0,5
4190,1,,,0,0,2009-05-28T00:00:00,,0,2,12,0,Major,40 to 44,4,Mid-Block,Going Ahead,0,0,0,8,0,0,0,1,0,0,5
4191,1,Yes,,0,0,2009-05-28T00:00:00,,0,43,15,0,None,40 to 44,4,Intersection,Going Ahead,0,0,0,8,0,4,0,2,0,0,5
4192,1,Yes,,0,0,2009-05-28T00:00:00,,0,43,15,0,Major,50 to 54,4,Intersection,Stopped,0,0,0,8,0,4,0,2,0,0,5
4193,1,Yes,,0,0,2009-05-28T00:00:00,,0,43,15,0,None,30 to 34,4,Intersection,Stopped,0,0,0,8,0,4,0,2,0,0,5
4194,1,Yes,,0,0,2009-05-29T00:00:00,,0,124,21,2,None,45 to 49,0,Intersection,Turning Left,0,0,0,8,0,4,0,2,0,0,5
4197,1,,Yes,0,0,2009-05-31T00:00:00,,0,115,4,3,Major,20 to 24,0,Intersection,Going Ahead,0,0,0,0,0,4,0,2,0,0,0
4198,1,Yes,,0,0,2009-06-01T00:00:00,,0,64,16,1,Minor,35 to 39,4,Intersection,Turning Right,0,0,0,0,0,5,0,2,0,0,0
4200,1,,,0,0,2009-06-02T00:00:00,,0,99,8,4,None,45 to 49,4,Intersection,Stopped,0,0,0,0,0,4,0,2,0,0,0
4203,1,Yes,,0,0,2009-06-02T00:00:00,,0,76,20,2,Minimal,55 to 59,0,Intersection,Slowing or Stopping,0,0,0,0,0,4,0,2,0,0,0
4204,1,Yes,,0,0,2009-06-02T00:00:00,,0,76,20,2,Minor,60 to 64,0,Intersection,Going Ahead,0,0,0,0,0,4,0,2,0,0,0
4208,1,Yes,,0,0,2009-06-02T00:00:00,,0,76,20,4,Minimal,20 to 24,0,Intersection,Going Ahead,0,0,0,0,0,4,0,2,0,0,0
4212,1,Yes,,0,0,2009-06-03T00:00:00,,0,31,16,2,Minimal,30 to 34,4,Mid-Block,Slowing or Stopping,0,0,0,0,0,4,0,1,0,0,0
4214,1,Yes,,0,0,2009-06-03T00:00:00,,0,31,16,2,Minimal,65 to 69,4,Mid-Block,Stopped,0,0,0,0,0,4,0,1,0,0,0
4216,1,Yes,,0,0,2009-06-03T00:00:00,,0,17,17,0,None,30 to 34,4,Intersection,Going Ahead,0,0,0,0,0,4,1,2,0,0,0
4220,1,Yes,,0,0,2009-06-03T00:00:00,,0,17,17,1,Major,40 to 44,4,Intersection,Going Ahead,0,0,0,0,0,4,1,2,0,0,0
4221,1,,,0,0,2009-06-04T00:00:00,,0,36,12,4,Major,45 to 49,4,Intersection,Going Ahead,0,0,0,0,0,4,0,2,0,0,0
4223,1,,,0,0,2009-06-04T00:00:00,,0,36,12,0,None,65 to 69,4,Intersection,Making U Turn,0,0,0,0,0,4,0,2,0,0,0
4225,1,,,0,0,2009-06-04T00:00:00,,0,57,14,2,Major,30 to 34,4,Mid-Block,Slowing or Stopping,0,0,0,0,0,3,0,1,0,0,0
4226,1,,,0,0,2009-06-05T00:00:00,,0,16,12,0,None,80 to 84,4,Intersection,Turning Left,0,0,0,0,0,4,0,1,0,0,0
4227,1,,,0,0,2009-06-04T00:00:00,,0,57,14,2,None,40 to 44,4,Mid-Block,Slowing or Stopping,0,0,0,0,0,3,0,1,0,0,0
4229,1,,,0,0,2009-06-04T00:00:00,,0,87,21,1,Minimal,35 to 39,0,Intersection,Slowing or Stopping,0,0,0,0,0,4,0,1,0,0,0
4231,1,,,0,0,2009-06-04T00:00:00,,0,87,21,2,None,30 to 34,0,Intersection,Turning Left,0,0,0,0,0,4,0,1,0,0,0
4234,1,,,0,0,2009-06-05T00:00:00,,0,16,12,4,Major,20 to 24,4,Intersection,Going Ahead,0,0,0,0,0,4,0,1,0,0,0
4235,0,Yes,,0,0,2009-06-05T00:00:00,,0,1,15,0,Fatal,35 to 39,4,Intersection,Slowing or Stopping,0,0,0,0,0,4,0,2,0,0,0
4236,0,Yes,,0,0,2009-06-05T00:00:00,,0,1,15,4,None,35 to 39,4,Intersection,Turning Left,0,0,0,0,0,4,0,2,0,0,0
4238,1,Yes,,0,0,2009-06-05T00:00:00,,0,27,18,0,Minimal,20 to 24,4,Mid-Block,Going Ahead,0,0,0,0,0,4,0,2,0,0,0
4239,1,Yes,,0,0,2009-06-05T00:00:00,,0,27,18,0,Major,65 to 69,4,Mid-Block,Stopped,0,0,0,0,0,4,0,2,0,0,0
4240,1,,,0,0,2009-06-06T00:00:00,,0,64,20,2,None,40 to 44,4,Mid-Block,Parked,0,0,0,0,0,5,0,1,0,0,0
4242,1,,,0,0,2009-06-07T00:00:00,,0,16,16,1,Major,35 to 39,4,Intersection,Going Ahead,0,0,0,0,0,4,0,1,0,0,0
4245,1,,,0,0,2009-06-09T00:00:00,,0,49,16,4,None,20 to 24,4,Intersection,Going Ahead,0,0,0,0,0,4,0,2,0,0,0
4247,1,,,0,0,2009-03-04T00:00:00,,0,62,21,3,Minor,50 to 54,0,,Unknown,0,0,0,4,0,4,0,-1,0,0,4
4248,1,,,0,0,2009-06-10T00:00:00,,0,102,15,4,None,50 to 54,4,Intersection,Going Ahead,0,0,0,0,0,4,0,2,0,0,0
4249,1,,,0,0,2009-06-10T00:00:00,,0,102,15,4,None,50 to 54,4,Intersection,Going Ahead,0,0,0,0,0,4,0,2,0,0,0
4251,1,,,0,0,2009-06-11T00:00:00,,0,76,8,4,None,Unknown,4,Intersection,Going Ahead,0,0,0,0,0,5,0,2,0,0,0
4255,1,,,0,0,2009-06-11T00:00:00,,0,87,10,2,Minimal,55 to 59,4,Mid-Block,Slowing or Stopping,0,0,0,0,0,5,0,1,0,0,0
4257,1,,,0,0,2009-06-11T00:00:00,,0,87,10,2,None,50 to 54,4,Mid-Block,Stopped,0,0,0,0,0,5,0,1,0,0,0
4258,1,,,0,0,2009-06-12T00:00:00,,0,54,17,2,Major,35 to 39,4,Intersection,Going Ahead,0,0,0,0,0,4,0,1,0,0,0
4259,1,,,0,0,2009-06-12T00:00:00,,0,54,17,1,None,45 to 49,4,Intersection,Going Ahead,0,0,0,0,0,4,0,1,0,0,0
4260,0,,,0,0,2009-06-17T00:00:00,,0,90,17,1,None,60 to 64,4,Mid-Block,Going Ahead,0,0,0,8,0,4,0,1,0,1,5
4261,1,Yes,,0,0,2009-06-13T00:00:00,,0,102,8,2,Major,45 to 49,4,Mid-Block,Slowing or Stopping,0,0,0,0,0,4,0,1,0,0,0
4262,1,Yes,,0,0,2009-06-13T00:00:00,,0,102,8,2,Minimal,40 to 44,4,Mid-Block,Stopped,0,0,0,0,0,4,0,1,0,0,0
4264,1,Yes,,0,0,2009-06-13T00:00:00,,0,102,8,2,None,65 to 69,4,Mid-Block,Unknown,0,0,0,0,0,4,0,1,0,0,0
4265,1,,,0,0,2009-06-13T00:00:00,,0,93,18,0,Major,35 to 39,4,Mid-Block,Slowing or Stopping,0,0,0,0,0,4,0,1,0,0,0
4268,1,,,0,0,2009-08-12T00:00:00,,0,112,14,2,Major,50 to 54,4,Mid-Block,Going Ahead,0,0,0,0,0,0,0,1,0,0,0
4269,1,Yes,,0,0,2009-01-05T00:00:00,,0,1,8,1,Minor,45 to 49,4,Mid-Block,Turning Left,0,0,0,0,0,4,0,1,0,0,0
4272,1,,,0,0,2009-04-22T00:00:00,,0,8,23,1,None,50 to 54,0,Intersection,Turning Left,0,0,0,0,0,4,0,2,0,0,0
4274,1,Yes,,0,0,2009-01-05T00:00:00,,0,1,8,2,Major,55 to 59,4,Mid-Block,Going Ahead,0,0,0,0,0,4,0,1,0,0,0
4275,1,,,0,0,2009-01-05T00:00:00,,0,118,12,2,None,70 to 74,4,Intersection,Changing Lanes,0,0,0,0,0,4,0,2,0,0,0
4282,1,,,0,0,2009-01-06T00:00:00,,0,129,7,0,Minor,60 to 64,4,Mid-Block,Going Ahead,0,0,0,8,0,5,0,1,0,0,0
4283,1,,,0,0,2009-01-06T00:00:00,,0,129,7,2,Minor,35 to 39,4,Mid-Block,Going Ahead,0,0,0,8,0,5,0,1,0,0,0
4284,0,Yes,,0,0,2009-01-06T00:00:00,,0,52,13,1,None,50 to 54,4,Intersection,Turning Left,0,0,0,0,0,4,0,2,0,0,0
4287,1,,,0,0,2009-01-07T00:00:00,,0,109,16,4,None,50 to 54,4,Mid-Block,Going Ahead,0,0,0,6,0,4,0,1,1,0,6
4290,1,Yes,,0,0,2009-01-08T00:00:00,,0,78,14,2,Major,45 to 49,4,Intersection,Stopped,0,0,0,6,0,4,0,2,0,0,0
4291,1,Yes,,0,0,2009-01-08T00:00:00,,0,78,14,2,None,25 to 29,4,Intersection,Going Ahead,0,0,0,6,0,4,0,2,0,0,0
4293,1,,,0,0,2009-01-08T00:00:00,,0,36,14,1,None,20 to 24,4,Intersection,Turning Left,0,0,0,6,0,4,0,2,0,0,0
4297,1,Yes,,0,0,2009-01-09T00:00:00,,0,70,16,4,None,65 to 69,4,Intersection,Turning Left,0,0,0,8,0,5,0,2,0,0,0
4300,1,,,0,0,2009-01-10T00:00:00,Yes,0,110,18,2,None,25 to 29,0,Intersection,Going Ahead,0,0,0,0,0,4,0,1,0,0,0
4301,1,,,0,0,2009-01-10T00:00:00,Yes,0,110,18,2,Major,65 to 69,0,Intersection,Going Ahead,0,0,0,0,0,4,0,1,0,0,0
4302,1,,,0,0,2009-01-12T00:00:00,,0,132,8,1,Major,45 to 49,4,Intersection,Turning Left,0,0,0,0,0,5,0,2,0,0,0
4304,1,,,0,0,2009-01-12T00:00:00,,0,132,8,0,None,15 to 19,4,Intersection,Going Ahead,0,0,0,0,0,5,0,2,0,0,0
4305,1,Yes,,0,0,2009-01-12T00:00:00,,0,43,11,2,None,50 to 54,4,Intersection,Turning Left,0,0,0,0,0,4,0,2,0,0,0
4308,1,,,0,0,2009-01-13T00:00:00,,0,137,9,4,None,80 to 84,4,Mid-Block,Going Ahead,0,0,0,3,0,4,0,1,0,0,6
4310,1,,,0,0,2009-01-14T00:00:00,Yes,0,130,11,0,Major,80 to 84,4,Intersection,Going Ahead,0,0,0,0,0,4,0,2,0,0,0
4311,1,Yes,,0,0,2009-01-14T00:00:00,,0,7,13,0,None,40 to 44,4,Intersection,Turning Left,0,0,0,0,0,4,0,2,0,0,0
4314,1,Yes,,0,0,2009-01-14T00:00:00,,0,131,13,1,None,35 to 39,4,Intersection,Turning Left,0,0,0,8,0,5,0,2,0,0,6
4317,1,Yes,,0,0,2009-01-18T00:00:00,,0,31,15,2,None,45 to 49,4,Intersection,Going Ahead,0,0,0,6,0,4,0,2,1,0,6
4318,1,Yes,,0,0,2009-01-18T00:00:00,,0,31,15,0,Major,45 to 49,4,Intersection,Going Ahead,0,0,0,6,0,4,0,2,1,0,6