,ACCLASS,AG_DRIV,ALCOHOL,AUTOMOBILE,CYCLIST,DATE,DISABILITY,EMERG_VEH,HOOD_ID,HOUR,INITDIR,INJURY,INVAGE,LIGHT,LOCCOORD,MANOEUVER,MOTORCYCLE,PASSENGER,PEDESTRIAN,RDSFCOND,REDLIGHT,ROAD_CLASS,SPEEDING,TRAFFCTL,TRSN_CITY_VEH,TRUCK,VISIBILITY
4664,1,Yes,,0,0,2009-03-07T00:00:00,,0,85,4,4,None,25 to 29,0,Mid-Block,Stopped,0,0,0,0,0,4,0,1,0,0,0
4666,1,Yes,,0,0,2009-03-07T00:00:00,,0,85,4,4,None,45 to 49,0,Mid-Block,Going Ahead,0,0,0,0,0,4,0,1,0,0,0
4668,0,,,0,0,2009-03-07T00:00:00,,0,33,4,1,Fatal,20 to 24,0,Intersection,Going Ahead,0,0,0,8,0,4,0,2,0,0,0
4669,1,,,0,0,2009-03-07T00:00:00,,0,107,13,0,None,30 to 34,4,Mid-Block,Going Ahead,0,0,0,8,0,5,0,1,0,0,5
4671,1,Yes,Yes,0,0,2009-03-08T00:00:00,,0,20,0,2,Major,50 to 54,0,Intersection,Going Ahead,0,0,0,8,0,4,0,2,1,0,5
4675,1,Yes,Yes,0,0,2009-03-08T00:00:00,,0,20,0,2,None,35 to 39,0,Intersection,Stopped,0,0,0,8,0,4,0,2,1,0,5
4677,1,Yes,,0,0,2009-03-08T00:00:00,,0,78,0,4,Minimal,20 to 24,0,Intersection,Stopped,0,0,0,8,0,4,0,2,0,0,0
4679,1,Yes,,0,0,2009-03-08T00:00:00,,0,78,0,4,Major,55 to 59,0,Intersection,Slowing or Stopping,0,0,0,8,0,4,0,2,0,0,0
4682,0,Yes,Yes,0,0,2009-03-08T00:00:00,,0,139,3,0,Major,20 to 24,0,Intersection,Going Ahead,0,0,0,8,0,0,1,1,0,0,5
4683,1,,,0,0,2009-03-10T00:00:00,,0,70,11,4,None,50 to 54,4,Mid-Block,Parked,0,0,0,0,0,5,0,1,0,0,0
4685,1,Yes,,0,0,2009-03-10T00:00:00,,0,132,20,1,None,15 to 19,0,Intersection,Turning Left,0,0,0,8,0,4,0,2,0,0,5
4689,0,,,0,0,2009-03-11T00:00:00,,0,21,6,2,None,45 to 49,0,Intersection,Turning Left,0,0,0,8,0,4,0,2,0,1,5
4697,1,,,0,0,2009-07-20T00:00:00,,0,95,10,0,None,45 to 49,4,Mid-Block,Parked,0,0,0,0,0,4,0,1,0,0,0
4698,1,,,0,0,2008-11-01T00:00:00,,0,70,11,0,None,50 to 54,4,Intersection,Making U Turn,0,0,0,0,0,5,0,1,0,0,0
4699,1,,,0,0,2009-06-20T00:00:00,,0,28,21,2,None,35 to 39,0,Intersection,Going Ahead,0,0,0,0,0,4,0,1,0,0,0
4706,1,Yes,,0,0,2009-07-21T00:00:00,,0,31,17,0,None,45 to 49,4,Intersection,Turning Left,0,0,0,8,0,4,0,2,0,0,5
4707,1,Yes,,0,0,2008-11-28T00:00:00,,0,137,9,2,None,70 to 74,4,Intersection,Going Ahead,0,0,0,8,0,4,0,2,0,0,0
4709,1,,,0,0,2009-06-20T00:00:00,,0,58,21,4,None,45 to 49,0,Intersection,Going Ahead,0,0,0,8,0,5,0,2,0,0,0
4712,1,Yes,,0,0,2008-11-28T00:00:00,,0,137,9,4,Major,35 to 39,4,Intersection,Going Ahead,0,0,0,8,0,4,0,2,0,0,0
4714,1,Yes,,0,0,2009-06-21T00:00:00,,0,122,16,2,None,Unknown,4,Intersection,Going Ahead,0,0,0,0,0,4,0,2,0,0,0
4716,1,,,0,0,2009-06-21T00:00:00,,0,69,18,0,None,30 to 34,4,Intersection,Parked,0,0,0,0,0,4,0,1,0,0,0
4718,1,Yes,,0,0,2009-06-22T00:00:00,,0,17,0,0,Major,25 to 29,4,Mid-Block,Going Ahead,0,0,0,0,0,4,1,1,0,0,0
4719,1,Yes,,0,0,2009-06-22T00:00:00,,0,17,0,0,None,40 to 44,4,Mid-Block,Changing Lanes,0,0,0,0,0,4,1,1,0,0,0
4722,1,Yes,,0,0,2009-06-22T00:00:00,,0,119,8,2,Minor,25 to 29,4,Mid-Block,Going Ahead,0,0,0,0,0,3,0,1,0,0,0
4724,1,Yes,,0,0,2009-06-22T00:00:00,,0,111,16,1,None,65 to 69,4,Intersection,Turning Left,0,0,0,0,0,4,0,2,0,0,0
4727,1,,,0,0,2009-06-22T00:00:00,,0,65,22,0,Minimal,30 to 34,0,Intersection,Going Ahead,0,0,0,0,0,4,0,2,0,0,0
4729,1,,,0,0,2009-06-22T00:00:00,,0,65,22,4,None,40 to 44,0,Intersection,Turning Left,0,0,0,0,0,4,0,2,0,0,0
4731,1,Yes,,0,0,2009-06-22T00:00:00,,0,82,23,4,Minor,45 to 49,0,Mid-Block,Stopped,0,0,0,0,0,4,0,1,0,0,0
4732,1,Yes,,0,0,2009-06-22T00:00:00,,0,82,23,4,Major,35 to 39,0,Mid-Block,Going Ahead,0,0,0,0,0,4,0,1,0,0,0
4733,1,Yes,,0,0,2009-06-22T00:00:00,,0,82,23,4,Minor,25 to 29,0,Mid-Block,Stopped,0,0,0,0,0,4,0,1,0,0,0
4735,0,Yes,,0,0,2009-06-23T00:00:00,,0,83,14,1,None,30 to 34,4,Intersection,Turning Left,0,0,0,0,0,4,0,2,0,1,0
4739,1,Yes,,0,0,2009-06-24T00:00:00,,0,31,21,2,Major,35 to 39,0,Mid-Block,Slowing or Stopping,0,0,0,0,0,4,0,1,0,0,0
4740,1,Yes,,0,0,2009-06-24T00:00:00,,0,31,21,2,None,25 to 29,0,Mid-Block,Going Ahead,0,0,0,0,0,4,0,1,0,0,0
4741,1,Yes,,0,0,2009-06-24T00:00:00,,0,31,21,2,None,25 to 29,0,Mid-Block,Slowing or Stopping,0,0,0,0,0,4,0,1,0,0,0
4742,1,,,0,0,2009-06-25T00:00:00,,0,107,18,0,None,15 to 19,4,Intersection,Going Ahead,0,0,0,0,0,3,0,2,0,0,0
4744,1,,,0,0,2009-06-29T00:00:00,Yes,0,23,6,0,Major,30 to 34,4,Mid-Block,Going Ahead,0,0,0,0,0,4,0,1,0,0,0
4747,1,,,0,0,2009-06-29T00:00:00,,0,33,10,0,None,20 to 24,4,Intersection,Going Ahead,0,0,0,0,0,4,0,1,0,0,0
4748,1,,,0,0,2009-06-30T00:00:00,,0,103,11,2,Major,50 to 54,4,Mid-Block,Going Ahead,0,0,0,0,0,4,0,1,0,0,0
4750,1,,,0,0,2009-06-29T00:00:00,,0,78,15,4,Major,50 to 54,4,Intersection,Going Ahead,0,0,0,8,0,4,0,1,0,0,0
4752,1,,,0,0,2009-06-29T00:00:00,,0,78,15,0,None,50 to 54,4,Intersection,Reversing,0,0,0,8,0,4,0,1,0,0,0
4755,1,,,0,0,2009-06-30T00:00:00,,0,103,11,1,Minimal,45 to 49,4,Mid-Block,Going Ahead,0,0,0,0,0,4,0,1,0,0,0
4756,0,Yes,,0,0,2009-06-30T00:00:00,,0,128,19,0,None,50 to 54,4,Mid-Block,Turning Left,0,0,0,0,0,4,0,1,1,0,0
4759,1,Yes,,0,0,2009-07-01T00:00:00,,0,52,21,2,None,65 to 69,0,Intersection,Turning Left,0,0,0,0,0,4,0,2,0,0,0
4761,1,Yes,,0,0,2009-07-01T00:00:00,,0,52,21,1,None,20 to 24,0,Intersection,Going Ahead,0,0,0,0,0,4,0,2,0,0,0
4764,1,Yes,,0,0,2009-07-04T00:00:00,,0,108,3,4,None,Unknown,0,Mid-Block,Going Ahead,0,0,0,0,0,4,0,1,0,0,0
4769,0,Yes,,0,0,2009-07-06T00:00:00,,0,44,20,1,Fatal,20 to 24,4,Mid-Block,Changing Lanes,0,0,0,0,0,4,1,1,0,0,0
4770,1,Yes,,0,0,2009-07-06T00:00:00,,0,34,20,4,None,75 to 79,4,Intersection,Turning Left,0,0,0,0,0,4,1,2,0,0,0
4771,1,Yes,,0,0,2009-07-06T00:00:00,,0,34,20,0,Major,20 to 24,4,Intersection,Going Ahead,0,0,0,0,0,4,1,2,0,0,0
4772,1,,,0,0,2009-07-06T00:00:00,,0,123,22,1,None,20 to 24,0,Mid-Block,Going Ahead,0,0,0,0,0,0,0,1,0,0,0
4776,1,Yes,,0,0,2009-07-10T00:00:00,,0,26,19,1,None,40 to 44,4,Intersection,Going Ahead,0,0,0,0,0,4,0,1,0,0,0
4778,1,,,0,0,2009-07-10T00:00:00,,0,9,23,2,None,60 to 64,0,Mid-Block,Going Ahead,0,0,0,0,0,5,0,1,0,0,0
4780,1,,,0,0,2009-07-11T00:00:00,,0,39,5,0,Major,60 to 64,4,Mid-Block,Going Ahead,0,0,0,0,0,4,0,1,0,0,0
4781,1,,,0,0,2009-07-13T00:00:00,,0,17,14,0,None,20 to 24,4,Mid-Block,Going Ahead,0,0,0,0,0,3,0,1,0,0,0
4782,1,,,0,0,2009-07-13T00:00:00,,0,62,17,1,None,45 to 49,4,Intersection,Turning Right,0,0,0,0,0,5,0,2,0,0,0
4784,1,,,0,0,2009-07-13T00:00:00,,0,77,18,4,None,30 to 34,4,Intersection,Going Ahead,0,0,0,0,0,4,0,2,0,0,0
4787,1,,,0,0,2009-07-13T00:00:00,,0,101,20,1,None,20 to 24,4,Intersection,Turning Left,0,0,0,0,0,4,0,2,0,0,0
4790,1,Yes,,0,0,2008-11-28T00:00:00,,0,137,9,0,None,35 to 39,4,Intersection,Stopped,0,0,0,8,0,4,0,2,0,0,0
4791,1,,,0,0,2009-07-23T00:00:00,,0,78,1,0,None,30 to 34,0,Intersection,Going Ahead,0,0,0,8,0,4,0,2,0,0,5
4793,1,,,0,0,2008-11-01T00:00:00,,0,4,17,4,Minor,50 to 54,4,Mid-Block,Going Ahead,0,0,0,0,0,3,0,1,0,0,0
4797,1,Yes,Yes,0,0,2008-11-28T00:00:00,,0,71,18,0,None,60 to 64,0,Intersection,Turning Right,0,0,0,8,0,4,0,2,0,0,5
4802,1,Yes,,0,0,2008-11-02T00:00:00,,0,1,0,0,Minor,25 to 29,0,Mid-Block,Changing Lanes,0,0,0,0,0,4,1,1,0,0,0
4803,1,Yes,,0,0,2008-11-02T00:00:00,,0,1,0,0,Minor,15 to 19,0,Mid-Block,Going Ahead,0,0,0,0,0,4,1,1,0,0,0
4805,1,,,0,0,2008-11-02T00:00:00,,0,9,15,0,Minimal,40 to 44,4,Mid-Block,Going Ahead,0,0,0,0,0,3,0,1,0,0,0
4806,1,,,0,0,2008-11-02T00:00:00,,0,9,15,4,None,20 to 24,4,Mid-Block,Making U Turn,0,0,0,0,0,3,0,1,0,0,0
4809,0,,,0,0,2008-11-03T00:00:00,,0,85,9,0,Minor,40 to 44,4,Mid-Block,Going Ahead,0,0,0,0,0,4,0,1,0,0,0
4810,1,Yes,,0,0,2008-11-06T00:00:00,,0,117,13,2,None,15 to 19,4,Intersection,Turning Right,0,0,0,0,0,4,0,2,0,0,0
4812,1,,,0,0,2008-11-06T00:00:00,,0,95,16,0,Major,20 to 24,4,Mid-Block,Going Ahead,0,0,0,0,0,4,0,1,0,0,0
4814,1,Yes,,0,0,2008-11-07T00:00:00,,0,116,10,0,Minor,30 to 34,4,Intersection,Going Ahead,0,0,0,0,0,4,0,2,0,0,0
4815,1,Yes,,0,0,2008-11-07T00:00:00,,0,116,10,1,Major,55 to 59,4,Intersection,Going Ahead,0,0,0,0,0,4,0,2,0,0,0
4816,1,Yes,,0,0,2008-11-08T00:00:00,,0,119,18,4,None,45 to 49,0,Intersection,Turning Right,0,0,0,8,0,4,0,2,0,0,0
4817,1,Yes,,0,0,2008-11-08T00:00:00,,0,119,18,1,Major,40 to 44,0,Intersection,Going Ahead,0,0,0,8,0,4,0,2,0,0,0
4819,1,,,0,0,2008-11-08T00:00:00,,0,77,22,0,None,20 to 24,0,Intersection,Going Ahead,0,0,0,0,0,4,0,2,0,0,0
4820,1,Yes,,0,0,2008-11-10T00:00:00,,0,115,11,2,None,45 to 49,4,Intersection,Going Ahead,0,0,0,0,0,4,0,2,0,0,0
4822,1,Yes,,0,0,2008-11-10T00:00:00,,0,33,11,2,Major,85 to 89,4,Intersection,Going Ahead,0,0,0,0,0,4,0,1,0,0,0
4824,1,Yes,,0,0,2008-11-10T00:00:00,,0,33,11,2,Minor,20 to 24,4,Intersection,Stopped,0,0,0,0,0,4,0,1,0,0,0
4825,1,Yes,,0,0,2008-11-10T00:00:00,,0,33,11,2,Minor,50 to 54,4,Intersection,Stopped,0,0,0,0,0,4,0,1,0,0,0
4828,0,Yes,,0,0,2008-11-11T00:00:00,,0,116,7,1,None,65 to 69,4,Intersection,Turning Right,0,0,0,0,0,4,0,2,1,0,0
4830,1,Yes,,0,0,2008-11-11T00:00:00,,0,1,14,1,None,45 to 49,4,Intersection,Turning Left,0,0,0,0,0,4,0,2,1,0,0
4832,1,,,0,0,2008-11-12T00:00:00,,0,112,11,4,None,40 to 44,4,Intersection,Going Ahead,0,0,0,0,0,4,0,1,0,0,0
4835,1,,,0,0,2008-11-12T00:00:00,,0,31,18,2,None,30 to 34,0,Intersection,Going Ahead,0,0,0,0,0,5,0,2,0,0,0
4838,1,,,0,0,2008-11-13T00:00:00,,0,119,11,1,None,30 to 34,4,Intersection,Going Ahead,0,0,0,8,0,4,0,1,0,0,5
4842,1,,,0,0,2008-11-14T00:00:00,,0,81,2,4,None,35 to 39,0,Intersection,Reversing,0,0,0,0,0,0,0,1,0,0,0
4845,1,Yes,,0,0,2008-11-15T00:00:00,,0,95,10,4,None,25 to 29,4,Intersection,Going Ahead,0,0,0,8,0,4,0,1,0,0,5
4846,1,Yes,,0,0,2008-11-15T00:00:00,,0,95,10,4,None,50 to 54,4,Intersection,Stopped,0,0,0,8,0,4,0,1,0,0,5
4848,1,Yes,,0,0,2008-11-15T00:00:00,,0,95,10,4,Major,55 to 59,4,Intersection,Stopped,0,0,0,8,0,4,0,1,0,0,5
4850,1,,,0,0,2008-11-17T00:00:00,Yes,0,13,7,1,Major,50 to 54,4,Intersection,Stopped,0,0,0,0,0,4,0,2,0,0,0
4851,1,,,0,0,2008-11-17T00:00:00,Yes,0,13,7,2,None,35 to 39,4,Intersection,Stopped,0,0,0,0,0,4,0,2,0,0,0
4852,1,,,0,0,2008-11-17T00:00:00,Yes,0,13,7,2,None,45 to 49,4,Intersection,Stopped,0,0,0,0,0,4,0,2,0,0,0
4854,1,,,0,0,2008-11-18T00:00:00,,0,134,19,0,None,75 to 79,0,Intersection,Going Ahead,0,0,0,4,0,5,0,2,0,0,0
4855,1,,,0,0,2008-11-19T00:00:00,,0,93,9,2,None,30 to 34,4,,Turning Left,0,0,0,0,0,4,0,1,0,0,0
4858,1,Yes,,0,0,2008-11-20T00:00:00,,0,110,14,2,Major,45 to 49,4,Intersection,Turning Left,0,0,0,0,0,5,1,1,0,0,0
4861,1,,,0,0,2008-11-21T00:00:00,,0,11,8,2,None,40 to 44,4,Intersection,Turning Left,0,0,0,0,0,5,0,2,0,0,0
4864,1,Yes,,0,0,2008-11-21T00:00:00,,0,113,18,0,None,80 to 84,4,Mid-Block,Going Ahead,0,0,0,0,0,4,0,1,0,0,0
4866,1,Yes,,0,0,2009-07-24T00:00:00,,0,60,16,4,None,40 to 44,4,Intersection,Turning Left,0,0,0,0,0,4,0,2,0,0,0
4869,1,,,0,0,2008-11-30T00:00:00,,0,3,19,4,None,Unknown,0,Intersection,Slowing or Stopping,0,0,0,0,0,4,0,2,0,0,0
4872,1,Yes,,0,0,2009-07-25T00:00:00,,0,119,3,1,Major,Unknown,0,Intersection,Going Ahead,0,0,0,8,0,4,1,2,0,0,5
4873,1,Yes,,0,0,2009-07-25T00:00:00,,0,28,3,2,None,30 to 34,0,Mid-Block,Going Ahead,0,0,0,0,0,4,0,1,0,0,0
4876,1,Yes,,0,0,2009-07-25T00:00:00,,0,28,3,1,Major,15 to 19,0,Mid-Block,Going Ahead,0,0,0,0,0,4,0,1,0,0,0
4878,1,,,0,0,2009-07-25T00:00:00,,0,1,7,1,Minor,30 to 34,4,Mid-Block,Going Ahead,0,0,0,0,0,4,0,1,0,0,0
4880,1,,,0,0,2009-07-25T00:00:00,,0,1,7,2,Major,40 to 44,4,Mid-Block,Going Ahead,0,0,0,0,0,4,0,1,0,0,0
4881,1,,,0,0,2009-07-26T00:00:00,,0,116,2,2,None,Unknown,0,,Going Ahead,0,0,0,0,0,5,0,1,0,0,0
4885,1,Yes,,0,0,2009-07-26T00:00:00,,0,119,23,4,None,40 to 44,0,Intersection,Turning Right,0,0,0,8,0,4,0,2,0,0,5
4887,1,,,0,0,2009-07-28T00:00:00,,0,7,12,1,None,30 to 34,4,Mid-Block,Going Ahead,0,0,0,0,0,0,0,1,0,0,0
4890,1,Yes,,0,0,2009-07-30T00:00:00,,0,77,7,1,Minimal,35 to 39,4,Intersection,Going Ahead,0,0,0,0,0,5,0,2,0,0,0
4892,1,Yes,,0,0,2009-07-30T00:00:00,,0,77,7,4,Major,30 to 34,4,Intersection,Going Ahead,0,0,0,0,0,5,0,2,0,0,0
4895,1,,,0,0,2009-07-31T00:00:00,,0,63,8,4,None,35 to 39,4,Intersection,Going Ahead,0,0,0,0,0,4,0,2,0,0,0
4898,1,Yes,,0,0,2009-08-01T00:00:00,,0,6,6,2,Minor,45 to 49,4,Intersection,Going Ahead,0,0,0,0,0,4,0,2,0,0,0
4899,1,Yes,,0,0,2009-08-01T00:00:00,,0,6,6,0,Major,40 to 44,4,Intersection,Going Ahead,0,0,0,0,0,4,0,2,0,0,0
4900,1,Yes,Yes,0,0,2009-08-01T00:00:00,,0,63,7,0,Major,25 to 29,4,Intersection,Going Ahead,0,0,0,0,0,4,1,2,0,0,0
4901,1,Yes,,0,0,2009-08-01T00:00:00,,0,104,7,0,Major,60 to 64,4,Intersection,Going Ahead,0,0,0,0,0,0,0,1,0,0,0
4903,1,Yes,,0,0,2009-08-01T00:00:00,,0,28,13,4,None,55 to 59,4,Intersection,Turning Left,0,0,0,0,0,4,0,2,0,0,0
4906,1,Yes,,0,0,2009-08-02T00:00:00,,0,77,21,0,Major,25 to 29,0,Mid-Block,Going Ahead,0,0,0,0,0,4,1,1,0,0,0
4908,1,,,0,0,2009-08-03T00:00:00,,0,71,12,4,None,40 to 44,4,Mid-Block,Going Ahead,0,0,0,0,0,5,0,1,0,0,0
4909,1,,,0,0,2009-08-03T00:00:00,,0,71,12,0,Major,50 to 54,4,Mid-Block,Going Ahead,0,0,0,0,0,5,0,1,0,0,0
4911,1,,,0,0,2009-08-04T00:00:00,,0,119,10,0,Minimal,45 to 49,4,Intersection,Turning Left,0,0,0,0,0,4,0,2,0,0,0
4912,1,,,0,0,2009-08-04T00:00:00,,0,119,10,2,Minimal,30 to 34,4,Intersection,Going Ahead,0,0,0,0,0,4,0,2,0,0,0
4913,1,,,0,0,2009-08-04T00:00:00,,0,119,10,2,Major,40 to 44,4,Intersection,Going Ahead,0,0,0,0,0,4,0,2,0,0,0
4915,1,Yes,,0,0,2009-08-05T00:00:00,,0,7,8,2,Major,40 to 44,4,Mid-Block,Going Ahead,0,0,0,0,0,3,0,1,0,0,0
4918,1,,,0,0,2009-08-05T00:00:00,Yes,0,131,12,0,Major,75 to 79,4,Mid-Block,Going Ahead,0,0,0,0,0,3,0,1,0,0,0
4920,1,Yes,,0,0,2009-08-05T00:00:00,,0,52,12,4,None,30 to 34,4,Intersection,Turning Right,0,0,0,0,0,4,0,2,0,0,0
4925,0,,,0,0,2009-08-07T00:00:00,,0,122,14,0,None,55 to 59,4,Intersection,Reversing,0,0,0,0,0,0,0,1,0,0,0
4926,1,Yes,,0,0,2009-08-07T00:00:00,,0,34,15,0,None,80 to 84,4,Mid-Block,Turning Right,0,0,0,0,0,3,0,1,0,0,0
4929,1,,,0,0,2009-08-07T00:00:00,,0,31,17,1,None,60 to 64,4,Mid-Block,Turning Right,0,0,0,0,0,4,0,1,0,0,0
4933,1,,,0,0,2009-08-10T00:00:00,,0,47,0,0,None,45 to 49,0,Intersection,Going Ahead,0,0,0,8,0,4,0,2,0,0,0
4936,1,,,0,0,2009-08-11T00:00:00,,0,70,8,4,None,45 to 49,4,Intersection,Going Ahead,0,0,0,0,0,4,0,2,0,0,0
4939,1,,,0,0,2008-12-01T00:00:00,,0,79,13,1,Major,35 to 39,4,Intersection,Changing Lanes,0,0,0,8,0,4,0,2,0,0,3
4940,1,,,0,0,2008-12-01T00:00:00,,0,79,13,1,None,20 to 24,4,Intersection,Going Ahead,0,0,0,8,0,4,0,2,0,0,3
4942,1,Yes,,0,0,2008-12-02T00:00:00,,0,27,12,2,None,50 to 54,4,Intersection,Turning Left,0,0,0,0,0,4,0,2,0,0,0
4945,1,,,0,0,2008-12-03T00:00:00,,0,44,11,0,None,40 to 44,4,Mid-Block,Going Ahead,0,0,0,0,0,4,0,1,0,1,0
4949,1,,,0,0,2008-12-03T00:00:00,,0,98,19,2,None,40 to 44,0,Mid-Block,Going Ahead,0,0,0,0,0,3,0,1,0,0,0
4952,1,,,0,0,2008-12-04T00:00:00,,0,1,7,2,None,55 to 59,0,Mid-Block,Going Ahead,0,0,0,8,0,4,0,1,0,1,0
4955,1,,,0,0,2008-12-04T00:00:00,,0,26,7,4,None,50 to 54,4,Intersection,Going Ahead,0,0,0,8,0,4,0,1,0,0,0
4958,0,,,0,0,2008-12-13T00:00:00,,0,131,21,0,None,60 to 64,0,Mid-Block,Going Ahead,0,0,0,8,0,4,0,1,0,0,0
4959,1,,,0,0,2008-12-05T00:00:00,,0,33,13,0,None,40 to 44,4,Mid-Block,Slowing or Stopping,0,0,0,0,0,4,0,1,0,0,0
4961,1,Yes,,0,0,2008-12-05T00:00:00,,0,27,14,2,None,35 to 39,4,Mid-Block,Going Ahead,0,0,0,0,0,4,0,1,0,0,0
4963,1,Yes,,0,0,2008-12-05T00:00:00,,0,27,14,0,None,70 to 74,4,Mid-Block,Turning Right,0,0,0,0,0,4,0,1,0,0,0
4965,1,Yes,,0,0,2008-12-08T00:00:00,,0,24,5,2,Minor,60 to 64,0,Intersection,Going Ahead,0,0,0,8,0,4,0,2,0,0,0
4968,1,Yes,,0,0,2008-12-08T00:00:00,,0,24,5,0,Minimal,25 to 29,0,Intersection,Going Ahead,0,0,0,8,0,4,0,2,0,0,0
4972,1,,,0,0,2008-12-09T00:00:00,,0,14,2,4,Minor,25 to 29,0,Mid-Block,Going Ahead,0,0,0,3,0,4,0,1,0,0,6
4974,1,,,0,0,2008-12-09T00:00:00,,0,96,18,1,None,50 to 54,0,Intersection,Turning Left,0,0,0,8,0,5,0,1,0,0,5
4976,1,,,0,0,2008-12-10T00:00:00,,0,77,12,0,Minimal,55 to 59,4,Intersection,Turning Left,0,0,0,8,0,4,0,2,0,0,0
4978,1,,,0,0,2008-12-10T00:00:00,,0,77,12,4,Minor,70 to 74,4,Intersection,Going Ahead,0,0,0,8,0,4,0,2,0,0,0
4980,1,,,0,0,2008-12-11T00:00:00,,0,77,23,1,None,30 to 34,0,Intersection,Turning Left,0,0,0,0,0,4,0,2,0,0,0
4982,0,,,0,0,2008-12-13T00:00:00,,0,131,21,4,Fatal,30 to 34,0,Mid-Block,Turning Left,0,0,0,8,0,4,0,1,0,0,0
4984,1,Yes,,0,0,2008-12-14T00:00:00,,0,24,3,4,None,25 to 29,0,Intersection,Going Ahead,0,0,0,8,0,4,0,2,0,0,3
4986,1,,,0,0,2008-12-15T00:00:00,,0,102,9,2,None,25 to 29,4,Intersection,Turning Left,0,0,0,8,0,4,0,2,0,0,5
4988,1,,,0,0,2008-12-17T00:00:00,,0,76,22,4,None,40 to 44,0,Intersection,Going Ahead,0,0,0,0,0,4,0,2,0,0,0
4991,1,,,0,0,2008-12-22T00:00:00,,0,78,17,1,None,45 to 49,0,Intersection,Going Ahead,0,0,0,3,0,4,0,2,1,0,6
4993,1,Yes,,0,0,2008-12-24T00:00:00,,0,51,16,1,None,55 to 59,4,Intersection,Unknown,0,0,0,4,0,4,0,-1,0,0,4
4995,1,Yes,,0,0,2008-12-26T00:00:00,,0,119,12,1,None,20 to 24,4,Intersection,Going Ahead,0,0,0,6,0,4,0,2,0,0,6
4996,1,Yes,,0,0,2008-12-26T00:00:00,,0,119,12,1,Major,35 to 39,4,Intersection,Turning Left,0,0,0,6,0,4,0,2,0,0,6
4998,1,Yes,,0,0,2008-12-29T00:00:00,,0,35,9,2,None,40 to 44,4,Intersection,Turning Left,0,0,0,0,0,4,0,2,0,0,0
5001,1,Yes,,0,0,2008-12-31T00:00:00,,0,68,0,2,None,30 to 34,0,Mid-Block,Going Ahead,0,0,0,3,0,4,1,1,0,0,6
5003,1,Yes,,0,0,2008-12-31T00:00:00,,0,68,0,2,Minimal,20 to 24,0,Mid-Block,Going Ahead,0,0,0,3,0,4,1,1,0,0,6
5007,1,Yes,,0,0,2008-12-31T00:00:00,,0,68,0,2,None,40 to 44,0,Mid-Block,Going Ahead,0,0,0,3,0,4,1,1,0,0,6
5009,0,,,0,0,2009-01-01T00:00:00,,0,138,2,4,None,20 to 24,0,Intersection,Going Ahead,0,0,0,8,0,4,0,2,0,0,0
5012,1,,,0,0,2009-01-02T00:00:00,,0,117,20,1,Minimal,80 to 84,0,Mid-Block,Going Ahead,0,0,0,4,0,5,0,1,0,0,6
5013,1,Yes,Yes,0,0,2009-12-21T00:00:00,,0,140,19,2,None,70 to 74,0,Intersection,Turning Right,0,0,0,0,0,0,0,1,0,0,0
5016,1,Yes,,0,0,2009-12-22T00:00:00,,0,14,15,4,None,15 to 19,4,Intersection,Going Ahead,0,0,0,0,0,4,0,2,0,0,0
5019,1,Yes,,0,0,2010-06-01T00:00:00,,0,1,1,0,Major,60 to 64,0,Intersection,Going Ahead,0,0,0,8,0,4,0,2,0,0,5
5021,0,,,0,0,2009-12-23T00:00:00,Yes,0,139,9,0,Fatal,80 to 84,4,Mid-Block,Changing Lanes,0,0,0,0,0,4,0,1,0,0,0
5022,0,,,0,0,2009-12-23T00:00:00,Yes,0,139,9,0,None,55 to 59,4,Mid-Block,Going Ahead,0,0,0,0,0,4,0,1,0,0,0
5024,0,,,0,0,2009-12-23T00:00:00,Yes,0,139,9,0,Minimal,50 to 54,4,Mid-Block,Going Ahead,0,0,0,0,0,4,0,1,0,0,0
5027,0,,,0,0,2009-12-24T00:00:00,,0,33,6,2,None,60 to 64,0,Intersection,Going Ahead,0,0,0,0,0,3,0,1,0,0,0
5032,1,Yes,,0,0,2009-12-24T00:00:00,,0,98,15,1,Major,60 to 64,4,Mid-Block,Going Ahead,0,0,0,1,0,4,1,1,0,0,1
5033,1,Yes,,0,0,2009-12-24T00:00:00,,0,98,15,2,Minor,20 to 24,4,Mid-Block,Going Ahead,0,0,0,1,0,4,1,1,0,0,1
5035,1,Yes,,0,0,2009-12-24T00:00:00,,0,98,15,1,Minimal,25 to 29,4,Mid-Block,Going Ahead,0,0,0,1,0,4,1,1,0,0,1
5036,1,Yes,,0,0,2009-12-25T00:00:00,,0,39,18,2,None,20 to 24,0,Intersection,Turning Left,0,0,0,8,0,4,0,2,0,0,5
5039,1,,,0,0,2009-12-26T00:00:00,,0,138,1,2,None,Unknown,0,Mid-Block,Going Ahead,0,0,0,8,0,4,0,1,0,0,5
5041,1,Yes,,0,0,2009-12-28T00:00:00,,0,117,23,2,None,Unknown,0,Intersection,Turning Left,0,0,0,8,0,4,0,2,0,0,0
5044,1,Yes,,0,0,2009-12-29T00:00:00,,0,72,14,4,None,45 to 49,4,Intersection,Going Ahead,0,0,0,0,0,5,0,2,0,0,0
5047,1,Yes,,0,0,2009-10-04T00:00:00,,0,76,14,1,None,55 to 59,4,Intersection,Going Ahead,0,0,0,8,0,4,0,2,0,0,5