,ACCLASS,AG_DRIV,ALCOHOL,AUTOMOBILE,CYCLIST,DATE,DISABILITY,EMERG_VEH,HOOD_ID,HOUR,INITDIR,INJURY,INVAGE,LIGHT,LOCCOORD,MANOEUVER,MOTORCYCLE,PASSENGER,PEDESTRIAN,RDSFCOND,REDLIGHT,ROAD_CLASS,SPEEDING,TRAFFCTL,TRSN_CITY_VEH,TRUCK,VISIBILITY
7533,1,Yes,,0,0,2011-10-28T00:00:00,,0,25,15,4,None,25 to 29,4,Intersection,Turning Left,0,0,0,0,0,4,0,2,0,0,0
7535,1,,,0,0,2011-10-29T00:00:00,,0,110,14,4,Minimal,30 to 34,4,Mid-Block,Stopped,0,0,0,0,0,5,0,1,0,0,0
7536,1,,,0,0,2011-10-29T00:00:00,,0,110,14,4,Major,35 to 39,4,Mid-Block,Slowing or Stopping,0,0,0,0,0,5,0,1,0,0,0
7539,1,,,0,0,2011-10-29T00:00:00,,0,75,19,1,None,50 to 54,0,Intersection,Overtaking,0,0,0,0,0,5,0,2,0,0,0
7542,1,,,0,0,2011-10-29T00:00:00,,0,3,20,4,None,25 to 29,0,Intersection,Going Ahead,0,0,0,0,0,4,0,1,0,0,0
7544,1,,,0,0,2011-10-30T00:00:00,,0,121,20,4,None,Unknown,0,Intersection,Going Ahead,0,0,0,0,0,4,0,1,0,0,0
7546,1,Yes,,0,0,2011-10-31T00:00:00,,0,55,9,2,Major,25 to 29,4,Intersection,Stopped,0,0,0,0,0,4,0,2,0,0,0
7547,1,Yes,,0,0,2011-10-31T00:00:00,,0,55,9,2,None,Unknown,4,Intersection,Going Ahead,0,0,0,0,0,4,0,2,0,0,0
7550,1,,,0,0,2011-10-31T00:00:00,,0,71,10,2,None,60 to 64,4,Intersection,Turning Right,0,0,0,0,0,5,0,1,0,1,0
7552,1,Yes,,0,0,2011-07-28T00:00:00,,0,136,13,1,None,35 to 39,4,Mid-Block,Slowing or Stopping,0,0,0,8,0,5,0,1,0,0,5
7553,1,,,0,0,2011-11-27T00:00:00,,0,136,0,4,None,30 to 34,0,Intersection,Going Ahead,0,0,0,8,0,3,0,2,0,0,5
7554,1,Yes,,0,0,2012-02-09T00:00:00,,0,41,14,0,Minimal,65 to 69,4,Mid-Block,Slowing or Stopping,0,0,0,0,0,4,0,1,0,0,0
7556,1,Yes,,0,0,2011-09-13T00:00:00,,0,79,21,1,Major,30 to 34,0,Intersection,Going Ahead,0,0,0,0,0,4,0,1,0,0,0
7557,1,Yes,,0,0,2011-11-02T00:00:00,,0,84,16,2,None,15 to 19,4,Intersection,Turning Right,0,0,0,0,0,4,0,2,0,0,0
7559,1,Yes,,0,0,2011-09-13T00:00:00,,0,79,21,1,None,45 to 49,0,Intersection,Making U Turn,0,0,0,0,0,4,0,1,0,0,0
7563,1,,,0,0,2011-11-27T00:00:00,,0,51,3,1,Major,25 to 29,1,Intersection,Going Ahead,0,0,0,0,0,4,0,2,0,0,0
7564,1,Yes,,0,0,2012-02-09T00:00:00,,0,41,14,0,None,60 to 64,4,Mid-Block,Slowing or Stopping,0,0,0,0,0,4,0,1,0,0,0
7567,1,Yes,,0,0,2011-11-04T00:00:00,,0,26,7,2,None,65 to 69,2,Intersection,Turning Right,0,0,0,0,0,4,0,2,0,0,0
7570,1,,,0,0,2011-09-14T00:00:00,,0,75,14,0,None,50 to 54,4,Intersection,Turning Left,0,0,0,0,0,4,0,2,0,0,0
7572,1,,,0,0,2011-09-15T00:00:00,Yes,0,47,18,4,Major,75 to 79,7,Intersection,Going Ahead,0,0,0,0,0,4,0,2,0,0,0
7574,1,,,0,0,2011-09-15T00:00:00,Yes,0,47,18,4,Minor,45 to 49,7,Intersection,Stopped,0,0,0,0,0,4,0,2,0,0,0
7575,1,Yes,,0,0,2011-09-16T00:00:00,,0,130,8,4,None,60 to 64,4,Intersection,Stopped,0,0,0,0,0,5,0,2,0,0,0
7576,1,Yes,,0,0,2011-09-16T00:00:00,,0,130,8,2,None,60 to 64,4,Intersection,Turning Left,0,0,0,0,0,5,0,2,0,0,0
7579,1,Yes,,0,0,2011-09-17T00:00:00,,0,95,13,2,Minor,20 to 24,4,Intersection,Stopped,0,0,0,0,0,4,0,1,0,0,0
7580,1,Yes,,0,0,2011-09-17T00:00:00,,0,95,13,2,None,20 to 24,4,Intersection,Stopped,0,0,0,0,0,4,0,1,0,0,0
7583,1,Yes,,0,0,2011-09-17T00:00:00,,0,95,13,2,Major,55 to 59,4,Intersection,Going Ahead,0,0,0,0,0,4,0,1,0,0,0
7584,1,Yes,,0,0,2011-09-18T00:00:00,,0,96,1,4,Major,30 to 34,0,Intersection,Going Ahead,0,0,0,0,0,5,1,2,0,0,0
7585,1,,,0,0,2011-09-18T00:00:00,,0,10,3,1,None,Unknown,0,Intersection,Going Ahead,0,0,0,0,0,4,0,2,0,0,0
7587,1,Yes,,0,0,2011-09-19T00:00:00,,0,112,19,4,None,40 to 44,0,Intersection,Turning Right,0,0,0,8,0,4,0,2,0,0,5
7591,1,,,0,0,2011-09-20T00:00:00,,0,36,17,0,None,60 to 64,4,Intersection,Going Ahead,0,0,0,0,0,4,0,2,1,0,0
7592,1,,,0,0,2011-09-21T00:00:00,,0,84,22,1,None,25 to 29,1,Intersection,Going Ahead,0,0,0,8,0,5,0,2,0,0,0
7595,1,Yes,,0,0,2011-09-21T00:00:00,,0,64,23,2,None,30 to 34,0,Intersection,Turning Left,0,0,0,8,0,4,0,2,0,0,5
7597,1,,,0,0,2011-09-22T00:00:00,,0,122,9,4,None,50 to 54,4,Mid-Block,Going Ahead,0,0,0,0,0,4,0,1,0,0,0
7599,1,,,0,0,2011-09-22T00:00:00,,0,54,16,1,None,35 to 39,4,Intersection,Going Ahead,0,0,0,0,0,4,0,2,0,0,0
7602,1,Yes,,0,0,2011-09-22T00:00:00,,0,99,19,1,Major,55 to 59,0,Intersection,Going Ahead,0,0,0,0,0,4,0,2,0,0,0
7603,1,Yes,,0,0,2011-09-22T00:00:00,,0,99,19,0,None,50 to 54,0,Intersection,Turning Left,0,0,0,0,0,4,0,2,0,0,0
7604,1,,,0,0,2011-09-23T00:00:00,Yes,0,1,2,0,Major,50 to 54,1,Mid-Block,Going Ahead,0,0,0,0,0,4,0,1,0,0,0
7607,1,Yes,,0,0,2011-09-23T00:00:00,,0,79,16,0,None,35 to 39,4,Intersection,Turning Left,0,0,0,8,0,5,0,1,0,0,5
7611,0,,,0,0,2011-09-23T00:00:00,,0,1,19,0,None,30 to 34,0,Intersection,Going Ahead,0,0,0,8,0,4,0,2,0,0,5
7613,1,Yes,,0,0,2011-09-24T00:00:00,,0,18,15,4,None,60 to 64,4,Intersection,Turning Left,0,0,0,0,0,0,0,1,0,0,0
7616,1,,,0,0,2011-09-25T00:00:00,,0,83,1,0,None,70 to 74,0,Mid-Block,Going Ahead,0,0,0,0,0,4,0,1,0,0,0
7618,1,Yes,,0,0,2011-09-25T00:00:00,,0,21,19,2,None,65 to 69,0,Intersection,Going Ahead,0,0,0,0,0,0,0,2,0,0,0
7620,1,,,0,0,2011-09-25T00:00:00,,0,127,19,0,None,50 to 54,0,Intersection,Going Ahead,0,0,0,0,0,4,0,1,0,0,0
7622,1,,,0,0,2011-09-27T00:00:00,,0,39,19,0,None,55 to 59,4,Mid-Block,Going Ahead,0,0,0,0,0,3,0,1,0,0,0
7624,1,Yes,,0,0,2011-09-28T00:00:00,,0,38,8,0,None,Unknown,4,Intersection,Turning Right,0,0,0,0,0,4,0,2,0,0,0
7626,1,Yes,,0,0,2011-09-30T00:00:00,,0,77,15,4,None,50 to 54,4,Intersection,Turning Left,0,0,0,0,0,0,0,2,0,0,0
7628,1,,,0,0,2011-09-30T00:00:00,,0,18,19,0,None,40 to 44,0,Intersection,Going Ahead,0,0,0,8,0,4,0,2,0,0,5
7632,1,,,0,0,2011-10-01T00:00:00,,0,26,12,1,Major,40 to 44,4,Mid-Block,Changing Lanes,0,0,0,0,0,4,0,2,0,0,0
7633,1,,,0,0,2011-10-01T00:00:00,,0,26,12,1,Minimal,65 to 69,4,Mid-Block,Going Ahead,0,0,0,0,0,4,0,2,0,0,0
7634,1,Yes,,0,0,2011-10-03T00:00:00,,0,4,6,1,None,Unknown,4,Intersection,Going Ahead,0,0,0,8,0,4,0,1,0,0,5
7636,1,,,0,0,2011-10-03T00:00:00,,0,76,16,2,None,60 to 64,4,Mid-Block,Overtaking,0,0,0,0,0,4,0,1,0,0,0
7640,1,,,0,0,2011-10-03T00:00:00,,0,65,17,4,None,45 to 49,4,Mid-Block,Stopped,0,0,0,0,0,5,0,1,0,1,0
7642,1,,,0,0,2011-10-03T00:00:00,,0,65,17,4,Minimal,15 to 19,4,Mid-Block,Going Ahead,0,0,0,0,0,5,0,1,0,1,0
7644,1,Yes,,0,0,2011-10-04T00:00:00,,0,4,17,1,Major,70 to 74,4,Mid-Block,Going Ahead,0,0,0,0,0,4,0,1,0,0,0
7645,1,Yes,,0,0,2011-10-04T00:00:00,,0,127,20,2,Minimal,20 to 24,0,Intersection,Turning Left,0,0,0,0,0,4,0,2,0,0,0
7647,1,Yes,,0,0,2011-10-04T00:00:00,,0,127,20,1,Major,45 to 49,0,Intersection,Going Ahead,0,0,0,0,0,4,0,2,0,0,0
7649,1,,,0,0,2011-10-05T00:00:00,,0,39,8,2,None,40 to 44,4,Intersection,Turning Left,0,0,0,0,0,4,0,2,0,0,0
7650,1,,,0,0,2011-10-06T00:00:00,,0,25,19,2,Minor,65 to 69,0,Intersection,Going Ahead,0,0,0,0,0,4,0,1,0,0,0
7653,1,Yes,,0,0,2012-02-09T00:00:00,,0,41,14,0,Major,65 to 69,4,Mid-Block,Going Ahead,0,0,0,0,0,4,0,1,0,0,0
7654,1,Yes,,0,0,2011-07-29T00:00:00,,0,137,14,2,Minor,15 to 19,4,Intersection,Turning Left,0,0,0,0,0,0,0,2,0,0,0
7657,1,,,0,0,2011-11-27T00:00:00,,0,51,3,4,None,Unknown,1,Intersection,Turning Right,0,0,0,0,0,4,0,2,0,0,0
7659,1,Yes,,0,0,2011-11-04T00:00:00,,0,62,14,1,None,70 to 74,4,Mid-Block,Turning Left,0,0,0,0,0,4,0,1,0,0,0
7660,1,,,0,0,2012-02-10T00:00:00,,0,77,17,1,None,65 to 69,7,Mid-Block,Going Ahead,0,0,0,0,0,4,0,1,0,1,1
7662,1,,,0,0,2011-11-29T00:00:00,,0,116,16,2,None,65 to 69,1,Intersection,Going Ahead,0,0,0,8,0,4,0,1,0,0,5
7666,1,Yes,,0,0,2012-02-10T00:00:00,,0,21,18,0,None,40 to 44,1,Intersection,Going Ahead,0,0,0,0,0,4,0,1,0,0,0
7667,1,Yes,,0,0,2012-02-10T00:00:00,,0,21,18,4,Minimal,35 to 39,1,Intersection,Going Ahead,0,0,0,0,0,4,0,1,0,0,0
7671,1,Yes,,0,0,2012-02-10T00:00:00,,0,21,18,4,None,40 to 44,1,Intersection,Going Ahead,0,0,0,0,0,4,0,1,0,0,0
7673,1,Yes,,0,0,2012-02-10T00:00:00,,0,21,18,0,Minimal,20 to 24,1,Intersection,Going Ahead,0,0,0,0,0,4,0,1,0,0,0
7674,1,Yes,,0,0,2012-02-10T00:00:00,,0,21,18,4,None,45 to 49,1,Intersection,Changing Lanes,0,0,0,0,0,4,0,1,0,0,0
7679,1,Yes,,0,0,2012-02-11T00:00:00,,0,44,3,2,Minor,55 to 59,1,Mid-Block,Going Ahead,0,0,0,3,0,5,1,1,0,0,6
7681,1,Yes,,0,0,2012-02-11T00:00:00,,0,44,3,1,Minor,25 to 29,1,Mid-Block,Going Ahead,0,0,0,3,0,5,1,1,0,0,6
7685,1,,,0,0,2012-02-15T00:00:00,,0,26,15,1,None,40 to 44,4,Mid-Block,Going Ahead,0,0,0,0,0,4,0,1,0,1,0
7686,1,Yes,Yes,0,0,2012-02-12T00:00:00,,0,73,4,0,Minor,35 to 39,1,Mid-Block,Going Ahead,0,0,0,3,0,4,1,1,0,0,0
7688,1,Yes,,0,0,2012-02-12T00:00:00,,0,104,15,0,Major,25 to 29,4,Mid-Block,Going Ahead,0,0,0,8,0,4,1,1,0,0,0
7690,1,Yes,,0,0,2012-02-12T00:00:00,,0,129,15,2,None,50 to 54,4,Intersection,Turning Left,0,0,0,0,0,4,0,2,0,0,0
7692,1,Yes,,0,0,2012-02-14T00:00:00,,0,82,14,4,None,50 to 54,4,Intersection,Turning Left,0,0,0,8,0,4,0,2,0,0,0
7695,1,,,0,0,2012-02-15T00:00:00,,0,14,11,1,Minor,65 to 69,4,Intersection,Turning Left,0,0,0,0,0,5,0,2,0,0,0
7696,1,,,0,0,2012-02-15T00:00:00,,0,14,11,2,None,25 to 29,4,Intersection,Going Ahead,0,0,0,0,0,5,0,2,0,0,0
7698,1,,,0,0,2012-02-15T00:00:00,,0,26,15,1,None,25 to 29,4,Mid-Block,Stopped,0,0,0,0,0,4,0,1,0,1,0
7703,1,,,0,0,2012-02-16T00:00:00,,0,65,14,2,None,35 to 39,4,Intersection,Turning Right,0,0,0,8,0,5,0,2,1,0,0
7708,1,Yes,,0,0,2012-02-16T00:00:00,,0,50,19,4,None,55 to 59,0,Intersection,Turning Left,0,0,0,8,0,4,1,2,0,0,0
7711,1,Yes,,0,0,2012-02-16T00:00:00,,0,50,19,0,Minimal,20 to 24,0,Intersection,Going Ahead,0,0,0,8,0,4,1,2,0,0,0
7714,1,,Yes,0,0,2012-02-18T00:00:00,,0,3,5,1,None,25 to 29,0,Mid-Block,Going Ahead,0,0,0,5,0,4,0,1,0,0,6
7715,1,,Yes,0,0,2012-02-18T00:00:00,,0,3,5,2,Major,25 to 29,0,Mid-Block,Going Ahead,0,0,0,5,0,4,0,1,0,0,6
7717,1,Yes,,0,0,2012-02-20T00:00:00,,0,68,15,1,None,70 to 74,4,Intersection,Going Ahead,0,0,0,0,0,5,1,1,0,0,0
7718,1,Yes,,0,0,2012-02-20T00:00:00,,0,68,15,1,None,45 to 49,4,Intersection,Changing Lanes,0,0,0,0,0,5,1,1,0,0,0
7721,1,,,0,0,2012-02-21T00:00:00,,0,131,15,3,Major,80 to 84,4,Mid-Block,Going Ahead,0,0,0,8,0,3,0,1,0,0,5
7722,1,Yes,,0,0,2012-02-21T00:00:00,,0,48,19,2,None,50 to 54,0,Intersection,Turning Right,0,0,0,8,0,4,0,2,0,0,0
7725,1,,,0,0,2012-02-25T00:00:00,,0,138,20,1,None,Unknown,0,Intersection,Turning Left,0,0,0,0,0,4,0,2,0,0,0
7729,1,,,0,0,2012-02-26T00:00:00,,0,62,1,2,Major,30 to 34,0,Mid-Block,Going Ahead,0,0,0,0,0,4,0,1,0,0,0
7731,1,Yes,,0,0,2012-02-27T00:00:00,,0,83,20,1,None,Unknown,0,Intersection,Going Ahead,0,0,0,0,0,5,0,2,0,0,0
7735,1,,,0,0,2012-02-28T00:00:00,,0,38,23,1,None,25 to 29,1,Intersection,Going Ahead,0,0,0,0,0,4,0,1,0,0,0
7737,1,,,0,0,2012-02-29T00:00:00,,0,85,18,1,None,25 to 29,0,Mid-Block,Going Ahead,0,0,0,8,0,5,0,1,0,0,5
7739,1,,,0,0,2012-02-29T00:00:00,,0,1,20,1,None,65 to 69,0,Intersection,Turning Left,0,0,0,8,0,5,0,2,0,0,5
7741,1,,,0,0,2012-03-01T00:00:00,,0,118,19,4,None,35 to 39,4,Mid-Block,Going Ahead,0,0,0,0,0,4,0,1,0,0,0
7744,1,,,0,0,2012-03-02T00:00:00,,0,104,1,1,None,30 to 34,0,Mid-Block,Going Ahead,0,0,0,0,0,4,0,1,0,0,0
7747,1,Yes,,0,0,2012-03-02T00:00:00,,0,125,16,4,None,55 to 59,4,Intersection,Turning Right,0,0,0,0,0,4,0,2,0,0,0
7749,1,Yes,,0,0,2012-03-02T00:00:00,,0,71,18,2,Major,45 to 49,4,Intersection,Going Ahead,0,0,0,0,0,5,0,1,0,0,0
7752,1,,,0,0,2012-03-03T00:00:00,,0,76,15,0,Major,40 to 44,4,Mid-Block,Going Ahead,0,0,0,0,0,4,0,1,0,0,0
7754,1,,,0,0,2012-03-03T00:00:00,,0,122,23,4,None,70 to 74,1,Intersection,Going Ahead,0,0,0,0,0,4,0,2,0,0,0
7757,1,Yes,,0,0,2011-07-29T00:00:00,,0,137,14,1,Minor,30 to 34,4,Intersection,Going Ahead,0,0,0,0,0,0,0,2,0,0,0
7758,1,Yes,,0,0,2011-11-29T00:00:00,,0,27,17,1,None,40 to 44,1,Intersection,Turning Left,0,0,0,8,0,4,0,2,0,0,5
7761,0,Yes,,0,0,2011-08-02T00:00:00,,0,18,12,4,None,45 to 49,4,Intersection,Turning Left,0,0,0,0,0,4,0,1,0,0,0
7763,1,Yes,,0,0,2011-11-29T00:00:00,,0,131,19,0,None,Unknown,7,Intersection,Going Ahead,0,0,0,8,0,4,0,2,0,0,5
7764,1,,,0,0,2011-08-02T00:00:00,,0,95,15,2,None,45 to 49,4,Intersection,Going Ahead,0,0,0,0,0,4,0,1,0,0,0
7766,1,,,0,0,2011-08-03T00:00:00,,0,66,13,4,None,25 to 29,4,Intersection,Going Ahead,0,0,0,0,0,4,0,1,0,0,0
7771,1,Yes,Yes,0,0,2011-08-03T00:00:00,,0,62,16,1,None,35 to 39,4,Intersection,Turning Left,0,0,0,0,0,5,1,2,0,0,0
7772,1,Yes,,0,0,2011-11-04T00:00:00,,0,83,17,0,None,30 to 34,4,Intersection,Turning Left,0,0,0,0,0,4,0,1,0,0,0
7775,1,Yes,Yes,0,0,2011-08-03T00:00:00,,0,62,16,0,Major,25 to 29,4,Intersection,Changing Lanes,0,0,0,0,0,5,1,2,0,0,0
7776,1,,,0,0,2011-08-03T00:00:00,,0,110,18,0,None,45 to 49,4,Mid-Block,Going Ahead,0,0,0,8,0,3,0,1,0,0,5
7780,1,Yes,,0,0,2011-08-04T00:00:00,,0,17,2,0,Minimal,30 to 34,0,Mid-Block,Going Ahead,0,0,0,0,0,4,1,1,0,0,0
7781,1,,,0,0,2011-08-04T00:00:00,,0,45,23,1,None,40 to 44,0,Intersection,Stopped,0,0,0,0,0,4,0,2,0,0,0
7785,1,,,0,0,2011-08-04T00:00:00,,0,76,23,4,None,50 to 54,0,Mid-Block,Going Ahead,0,0,0,0,0,4,0,1,1,0,0
7787,0,Yes,,0,0,2011-08-05T00:00:00,,0,58,9,2,None,80 to 84,4,Intersection,Going Ahead,0,0,0,0,0,0,0,2,0,0,0
7789,1,Yes,,0,0,2011-08-05T00:00:00,,0,80,15,2,Major,40 to 44,4,Intersection,Going Ahead,0,0,0,0,0,5,0,2,0,0,0
7791,1,Yes,,0,0,2011-08-05T00:00:00,,0,80,15,0,None,45 to 49,4,Intersection,Turning Left,0,0,0,0,0,5,0,2,0,0,0
7792,1,,,0,0,2011-08-06T00:00:00,,0,110,13,1,None,Unknown,4,Mid-Block,Going Ahead,0,0,0,0,0,3,0,1,0,0,0
7795,1,,Yes,0,0,2011-08-07T00:00:00,,0,110,1,1,Major,35 to 39,0,Mid-Block,Going Ahead,0,0,0,0,0,4,0,1,0,0,0
7797,1,,Yes,0,0,2011-08-07T00:00:00,,0,110,1,1,Minimal,45 to 49,0,Mid-Block,Stopped,0,0,0,0,0,4,0,1,0,0,0
7798,0,Yes,,0,0,2011-08-07T00:00:00,,0,6,11,4,Fatal,30 to 34,4,Intersection,Going Ahead,0,0,0,0,0,4,1,2,0,0,0
7799,0,Yes,,0,0,2011-08-07T00:00:00,,0,6,11,0,Minimal,75 to 79,4,Intersection,Turning Left,0,0,0,0,0,4,1,2,0,0,0
7801,1,Yes,,0,0,2011-08-08T00:00:00,,0,118,14,4,None,50 to 54,4,Intersection,Turning Left,0,0,0,0,0,4,0,2,0,0,0
7804,1,,,0,0,2011-08-09T00:00:00,,0,75,18,0,None,50 to 54,4,Intersection,Going Ahead,0,0,0,0,0,4,0,1,1,0,0
7805,1,,,0,0,2011-08-09T00:00:00,,0,75,18,0,Major,50 to 54,4,Intersection,Slowing or Stopping,0,0,0,0,0,4,0,1,1,0,0
7807,1,Yes,,0,0,2011-08-09T00:00:00,,0,54,21,0,None,30 to 34,0,Intersection,Going Ahead,0,0,0,0,0,4,0,1,0,0,0
7808,1,Yes,,0,0,2011-08-09T00:00:00,,0,54,21,3,None,Unknown,0,Intersection,Unknown,0,0,0,0,0,4,0,1,0,0,0
7810,1,Yes,,0,0,2011-08-11T00:00:00,,0,50,15,4,None,50 to 54,4,Intersection,Turning Left,0,0,0,0,0,0,0,1,0,0,0
7812,1,Yes,,0,0,2011-08-12T00:00:00,,0,2,14,4,Major,25 to 29,4,Intersection,Going Ahead,0,0,0,0,0,4,1,1,1,0,0
7814,1,Yes,,0,0,2011-08-12T00:00:00,,0,2,14,4,None,40 to 44,4,Intersection,Stopped,0,0,0,0,0,4,1,1,1,0,0
7816,1,Yes,,0,0,2011-08-12T00:00:00,,0,34,18,2,Major,25 to 29,4,Intersection,Going Ahead,0,0,0,0,0,4,1,2,0,0,0
7817,1,Yes,,0,0,2011-08-12T00:00:00,,0,34,18,1,Minimal,50 to 54,4,Intersection,Turning Left,0,0,0,0,0,4,1,2,0,0,0
7818,0,,,0,0,2011-08-13T00:00:00,,0,36,18,4,None,45 to 49,4,Intersection,Reversing,0,0,0,0,0,3,0,1,0,0,0
7821,1,,,0,0,2011-08-15T00:00:00,Yes,0,16,18,0,Major,55 to 59,4,Intersection,Going Ahead,0,0,0,0,0,4,0,1,0,0,0
7824,1,,,0,0,2011-08-15T00:00:00,Yes,0,16,18,0,Minimal,60 to 64,4,Intersection,Slowing or Stopping,0,0,0,0,0,4,0,1,0,0,0
7826,1,Yes,,0,0,2011-08-15T00:00:00,,0,20,21,4,Major,15 to 19,0,Mid-Block,Going Ahead,0,0,0,0,0,4,0,1,0,0,0
7827,1,Yes,,0,0,2011-08-15T00:00:00,,0,20,21,4,None,Unknown,0,Mid-Block,Going Ahead,0,0,0,0,0,4,0,1,0,0,0
7828,0,,,0,0,2011-08-16T00:00:00,,0,83,6,1,Fatal,55 to 59,4,"Park, Private Property, Public Lane",Reversing,0,0,0,0,0,2,0,1,0,0,0
7830,1,Yes,,0,0,2011-08-16T00:00:00,,0,77,16,4,None,Unknown,4,Intersection,Going Ahead,0,0,0,0,0,5,0,1,0,0,0
7833,1,,,0,0,2011-08-17T00:00:00,,0,78,6,2,None,35 to 39,4,Intersection,Going Ahead,0,0,0,0,0,4,0,1,0,0,0
7835,1,,,0,0,2011-08-19T00:00:00,,0,70,12,0,None,50 to 54,4,Intersection,Reversing,0,0,0,0,0,5,0,1,0,0,0
7837,1,,,0,0,2011-08-19T00:00:00,,0,95,13,2,Major,35 to 39,4,Intersection,Going Ahead,0,0,0,0,0,4,0,2,0,0,0
7838,1,,,0,0,2011-08-19T00:00:00,,0,95,13,1,None,40 to 44,4,Intersection,Turning Left,0,0,0,0,0,4,0,2,0,0,0
7839,1,Yes,,0,0,2011-08-19T00:00:00,,0,87,21,0,None,Unknown,0,Intersection,Overtaking,0,0,0,0,0,4,0,1,0,0,0
7843,1,Yes,,0,0,2011-08-20T00:00:00,,0,131,2,1,Major,15 to 19,0,Mid-Block,Overtaking,0,0,0,0,0,5,0,1,0,0,0
7846,0,,,0,0,2011-12-01T00:00:00,,0,30,1,1,None,45 to 49,1,Intersection,Going Ahead,0,0,0,0,0,4,0,1,0,0,0
7849,0,,,0,0,2011-12-02T00:00:00,,0,119,18,4,None,65 to 69,7,Intersection,Going Ahead,0,0,0,0,0,4,0,1,0,0,0
7852,1,,,0,0,2011-12-03T00:00:00,,0,119,3,2,None,25 to 29,0,Mid-Block,Going Ahead,0,0,0,0,0,4,0,1,0,0,0
7853,1,,,0,0,2011-12-03T00:00:00,,0,119,3,2,Major,Unknown,0,Mid-Block,Going Ahead,0,0,0,0,0,4,0,1,0,0,0
7854,1,,,0,0,2011-12-04T00:00:00,,0,75,16,2,None,35 to 39,4,Intersection,Going Ahead,0,0,0,0,0,5,0,1,0,0,0
7856,1,Yes,,0,0,2011-12-04T00:00:00,,0,126,18,1,None,20 to 24,5,Intersection,Going Ahead,0,0,0,8,0,4,0,2,0,0,0
7857,1,Yes,,0,0,2011-12-04T00:00:00,,0,126,18,0,Minor,45 to 49,5,Intersection,Going Ahead,0,0,0,8,0,4,0,2,0,0,0
7858,1,,,0,0,2011-12-04T00:00:00,,0,124,22,0,None,20 to 24,1,Intersection,Going Ahead,0,0,0,8,0,4,0,2,0,0,5
7861,1,,,0,0,2011-12-05T00:00:00,,0,36,15,2,None,40 to 44,4,Intersection,Going Ahead,0,0,0,8,0,3,0,1,0,0,5
7863,1,Yes,,0,0,2011-12-05T00:00:00,,0,129,18,2,None,25 to 29,0,Intersection,Turning Left,0,0,0,8,0,0,0,2,0,0,5
7866,1,,,0,0,2011-12-08T00:00:00,,0,118,19,2,None,55 to 59,0,Intersection,Turning Right,0,0,0,0,0,4,0,2,1,0,0
7868,1,Yes,,0,0,2011-12-10T00:00:00,,0,58,15,4,None,25 to 29,4,Intersection,Turning Left,0,0,0,0,0,4,0,2,0,0,0
7872,1,,,0,0,2011-12-10T00:00:00,,0,78,16,2,None,20 to 24,4,Intersection,Going Ahead,0,0,0,0,0,4,0,1,0,0,0
7874,1,,,0,0,2011-12-10T00:00:00,,0,77,17,0,Major,35 to 39,1,Intersection,Pulling Away from Shoulder or Curb,0,0,0,0,0,5,0,1,0,0,0
7875,1,Yes,,0,0,2011-12-10T00:00:00,,0,70,22,2,None,45 to 49,0,Intersection,Going Ahead,0,0,0,0,0,5,0,2,0,0,0
7877,1,Yes,,0,0,2011-12-15T00:00:00,,0,131,7,4,None,Unknown,1,Intersection,Turning Left,0,0,0,8,0,4,0,2,1,0,5
7880,1,,,0,0,2011-12-15T00:00:00,,0,76,9,0,None,40 to 44,4,Intersection,Going Ahead,0,0,0,8,0,4,0,2,0,0,5
7884,1,Yes,,0,0,2011-12-15T00:00:00,,0,47,15,2,None,60 to 64,4,Intersection,Turning Left,0,0,0,8,0,5,0,2,0,1,5
7885,1,,,0,0,2011-12-20T00:00:00,,0,78,14,0,None,20 to 24,4,Mid-Block,Parked,0,0,0,0,0,4,0,1,0,0,0
7889,0,Yes,,0,0,2011-12-21T00:00:00,,0,24,7,4,None,40 to 44,1,Intersection,Turning Left,0,0,0,8,0,4,0,2,1,0,5
7890,1,,,0,0,2011-12-21T00:00:00,,0,39,17,4,None,70 to 74,0,Intersection,Turning Left,0,0,0,8,0,4,0,1,0,0,5
7894,1,,,0,0,2011-12-21T00:00:00,,0,110,18,0,None,45 to 49,0,Mid-Block,Going Ahead,0,0,0,0,0,4,0,1,0,0,0
7896,1,Yes,,0,0,2011-12-22T00:00:00,,0,55,11,2,None,70 to 74,4,Intersection,Turning Left,0,0,0,0,0,4,0,2,0,0,0
7899,1,,,0,0,2011-12-22T00:00:00,,0,25,13,1,None,40 to 44,4,Mid-Block,Going Ahead,0,0,0,0,0,4,0,1,1,0,0
7901,0,Yes,,0,0,2011-12-23T00:00:00,,0,45,5,4,Minimal,25 to 29,1,Intersection,Going Ahead,0,0,0,8,0,4,0,2,0,0,0
7902,0,Yes,,0,0,2011-12-23T00:00:00,,0,45,5,0,Fatal,35 to 39,1,Intersection,Turning Left,0,0,0,8,0,4,0,2,0,0,0
7904,1,Yes,,0,0,2011-12-25T00:00:00,,0,110,10,4,None,25 to 29,4,Mid-Block,Going Ahead,0,0,0,0,0,4,0,1,0,0,0