,ACCLASS,AG_DRIV,ALCOHOL,AUTOMOBILE,CYCLIST,DATE,DISABILITY,EMERG_VEH,HOOD_ID,HOUR,INITDIR,INJURY,INVAGE,LIGHT,LOCCOORD,MANOEUVER,MOTORCYCLE,PASSENGER,PEDESTRIAN,RDSFCOND,REDLIGHT,ROAD_CLASS,SPEEDING,TRAFFCTL,TRSN_CITY_VEH,TRUCK,VISIBILITY
9388,1,,,0,0,2013-08-23T00:00:00,,0,93,7,0,None,40 to 44,4,Mid-Block,Going Ahead,0,0,0,0,0,4,0,1,0,0,0
9391,1,Yes,,0,0,2012-11-28T00:00:00,,0,61,17,0,None,Unknown,0,Intersection,Going Ahead,0,0,0,0,0,5,0,1,0,0,0
9392,1,Yes,,0,0,2013-08-23T00:00:00,,0,65,8,2,None,25 to 29,4,Intersection,Turning Right,0,0,0,0,0,5,0,1,0,0,0
9393,1,Yes,,0,0,2013-08-23T00:00:00,,0,65,8,2,Major,40 to 44,4,Intersection,Going Ahead,0,0,0,0,0,5,0,1,0,0,0
9395,1,Yes,,0,0,2013-08-23T00:00:00,,0,41,17,4,None,45 to 49,4,Intersection,Turning Right,0,0,0,0,0,4,0,2,0,0,0
9399,1,Yes,,0,0,2013-08-23T00:00:00,,0,110,18,0,None,40 to 44,4,Intersection,Stopped,0,0,0,0,0,3,0,2,0,0,0
9400,1,Yes,,0,0,2013-08-23T00:00:00,,0,110,18,2,Major,20 to 24,4,Intersection,Turning Right,0,0,0,0,0,3,0,2,0,0,0
9401,0,,,0,0,2013-08-23T00:00:00,,0,86,18,4,None,70 to 74,4,Intersection,Going Ahead,0,0,0,0,0,4,0,1,0,0,0
9405,1,Yes,,0,0,2013-08-25T00:00:00,,0,14,16,1,Major,35 to 39,4,Intersection,Going Ahead,0,0,0,0,0,5,0,2,0,0,0
9406,1,Yes,,0,0,2013-08-25T00:00:00,,0,14,16,2,None,25 to 29,4,Intersection,Turning Left,0,0,0,0,0,5,0,2,0,0,0
9407,1,,,0,0,2013-08-26T00:00:00,,0,127,8,2,Minor,55 to 59,4,Mid-Block,Making U Turn,0,0,0,8,0,4,0,1,0,0,5
9408,1,,,0,0,2013-08-26T00:00:00,,0,127,8,2,Major,55 to 59,4,Mid-Block,Going Ahead,0,0,0,8,0,4,0,1,0,0,5
9409,0,Yes,,0,0,2013-08-27T00:00:00,,0,1,15,4,None,15 to 19,4,Mid-Block,Going Ahead,0,0,0,0,0,5,0,2,0,0,0
9411,1,Yes,,0,0,2013-08-27T00:00:00,,0,104,20,0,None,25 to 29,1,Intersection,Turning Left,0,0,0,8,0,4,0,2,0,1,5
9413,1,,,0,0,2013-08-28T00:00:00,,0,125,5,2,None,35 to 39,0,Intersection,Going Ahead,0,0,0,0,0,4,0,2,0,0,0
9415,1,,,0,0,2013-08-28T00:00:00,,0,33,17,2,None,50 to 54,4,Intersection,Going Ahead,0,0,0,0,0,5,0,1,0,0,0
9417,1,,,0,0,2013-08-28T00:00:00,,0,127,20,4,None,25 to 29,1,Intersection,Going Ahead,0,0,0,0,0,4,0,2,0,0,0
9420,1,Yes,,0,0,2013-08-29T00:00:00,,0,138,10,2,None,55 to 59,4,Intersection,Turning Left,0,0,0,0,0,4,0,2,0,0,0
9422,1,,,0,0,2013-08-29T00:00:00,,0,93,11,2,Major,45 to 49,4,Mid-Block,Going Ahead,0,0,0,0,0,4,0,1,0,0,0
9425,1,Yes,,0,0,2013-08-29T00:00:00,,0,33,21,2,Major,30 to 34,0,Mid-Block,Going Ahead,0,0,0,0,0,4,1,1,0,0,0
9427,0,Yes,,0,0,2013-08-30T00:00:00,,0,127,15,2,Major,65 to 69,4,Intersection,Stopped,0,0,0,0,0,4,1,2,0,1,0
9428,1,Yes,,0,0,2013-08-29T00:00:00,,0,33,21,2,None,20 to 24,0,Mid-Block,Going Ahead,0,0,0,0,0,4,1,1,0,0,0
9431,1,,,0,0,2013-08-30T00:00:00,,0,82,13,4,Minimal,30 to 34,4,Intersection,Going Ahead,0,0,0,0,0,4,0,2,0,0,0
9432,1,,,0,0,2013-08-30T00:00:00,,0,82,13,0,None,Unknown,4,Intersection,Going Ahead,0,0,0,0,0,4,0,2,0,0,0
9433,0,Yes,,0,0,2013-08-30T00:00:00,,0,127,15,4,Minimal,75 to 79,4,Intersection,Turning Right,0,0,0,0,0,4,1,2,0,1,0
9434,0,Yes,,0,0,2013-08-30T00:00:00,,0,127,15,1,Fatal,45 to 49,4,Intersection,Changing Lanes,0,0,0,0,0,4,1,2,0,1,0
9439,1,,,0,0,2013-06-24T00:00:00,,0,131,17,0,Minimal,40 to 44,4,Mid-Block,Going Ahead,0,0,0,0,0,5,0,1,0,0,0
9444,1,,,0,0,2012-12-18T00:00:00,,0,71,7,0,None,35 to 39,0,Intersection,Turning Left,0,0,0,0,0,5,0,2,0,1,0
9447,1,,,0,0,2012-12-18T00:00:00,,0,71,7,3,None,35 to 39,0,Intersection,Turning Left,0,0,0,4,0,5,0,-1,0,0,4
9450,1,,,0,0,2012-12-18T00:00:00,Yes,0,112,9,1,Minor,35 to 39,4,Mid-Block,Stopped,0,0,0,0,0,4,0,1,0,0,0
9451,1,,,0,0,2012-12-18T00:00:00,Yes,0,112,9,1,Minimal,25 to 29,4,Mid-Block,Stopped,0,0,0,0,0,4,0,1,0,0,0
9452,1,,,0,0,2012-12-18T00:00:00,Yes,0,112,9,1,Minimal,70 to 74,4,Mid-Block,Stopped,0,0,0,0,0,4,0,1,0,0,0
9453,1,,,0,0,2012-12-18T00:00:00,Yes,0,112,9,1,Major,60 to 64,4,Mid-Block,Going Ahead,0,0,0,0,0,4,0,1,0,0,0
9455,0,,,0,0,2012-12-18T00:00:00,,0,136,21,4,None,25 to 29,0,Intersection,Going Ahead,0,0,0,0,0,4,0,1,0,0,0
9457,1,,,0,0,2012-12-19T00:00:00,,0,80,17,2,None,50 to 54,1,Intersection,Going Ahead,0,0,0,0,0,0,0,2,0,0,0
9459,1,Yes,,0,0,2012-12-19T00:00:00,,0,137,20,0,None,20 to 24,1,Intersection,Turning Left,0,0,0,0,0,4,0,2,0,0,0
9461,1,Yes,,0,0,2012-12-19T00:00:00,,0,137,20,4,None,45 to 49,1,Intersection,Going Ahead,0,0,0,0,0,4,0,2,0,0,0
9463,0,,,0,0,2012-12-20T00:00:00,,0,118,7,4,None,60 to 64,4,Mid-Block,Going Ahead,0,0,0,0,0,4,0,1,0,0,0
9468,0,,,0,0,2012-12-20T00:00:00,,0,125,20,2,None,45 to 49,1,Intersection,Changing Lanes,0,0,0,8,0,4,0,1,0,0,5
9470,1,,,0,0,2012-12-21T00:00:00,,0,113,3,4,Minimal,45 to 49,1,Intersection,Going Ahead,0,0,0,0,0,4,0,1,0,0,0
9472,1,,,0,0,2012-12-22T00:00:00,,0,138,20,1,None,55 to 59,1,Mid-Block,Going Ahead,0,0,0,0,0,4,0,1,0,0,0
9476,1,,,0,0,2012-12-23T00:00:00,,0,94,20,0,Major,30 to 34,1,Intersection,Unknown,0,0,0,0,0,4,0,1,0,0,0
9478,1,,,0,0,2012-12-27T00:00:00,,0,136,18,4,None,55 to 59,1,Mid-Block,Going Ahead,0,0,0,6,0,4,0,1,0,0,0
9480,1,,,0,0,2012-12-28T00:00:00,,0,44,22,2,None,40 to 44,1,Mid-Block,Going Ahead,0,0,0,0,0,4,0,1,0,0,0
9481,1,,,0,0,2012-12-28T00:00:00,,0,44,22,2,Major,20 to 24,1,Mid-Block,Going Ahead,0,0,0,0,0,4,0,1,0,0,0
9485,1,,,0,0,2012-12-31T00:00:00,,0,92,14,0,Minor,45 to 49,1,Mid-Block,Going Ahead,0,0,0,0,0,4,0,1,1,0,0
9486,1,,,0,0,2012-12-31T00:00:00,,0,137,18,2,None,70 to 74,1,Mid-Block,Going Ahead,0,0,0,8,0,4,0,1,0,0,0
9489,1,,,0,0,2012-12-31T00:00:00,,0,60,19,2,None,50 to 54,1,Intersection,Going Ahead,0,0,0,8,0,4,0,1,0,0,0
9491,1,Yes,,0,0,2013-01-01T00:00:00,,0,130,11,1,Major,65 to 69,4,Intersection,Going Ahead,0,0,0,0,0,4,0,1,0,0,0
9493,1,Yes,,0,0,2013-01-01T00:00:00,,0,130,11,1,Minimal,30 to 34,4,Intersection,Stopped,0,0,0,0,0,4,0,1,0,0,0
9494,1,Yes,,0,0,2013-01-01T00:00:00,,0,130,11,1,None,20 to 24,4,Intersection,Slowing or Stopping,0,0,0,0,0,4,0,1,0,0,0
9495,1,,,0,0,2013-01-02T00:00:00,,0,90,9,1,None,75 to 79,4,Mid-Block,Going Ahead,0,0,0,0,0,4,0,1,0,0,0
9497,1,,,0,0,2013-01-04T00:00:00,,0,121,6,4,Minimal,30 to 34,0,Intersection,Turning Left,0,0,0,8,0,5,0,1,0,0,0
9498,1,,,0,0,2013-01-04T00:00:00,,0,121,6,0,Major,50 to 54,0,Intersection,Going Ahead,0,0,0,8,0,5,0,1,0,0,0
9500,1,,,0,0,2013-01-04T00:00:00,,0,18,13,0,None,30 to 34,4,Intersection,Turning Right,0,0,0,8,0,4,0,2,0,0,0
9503,1,Yes,,0,0,2013-01-07T00:00:00,,0,130,9,2,None,55 to 59,4,Intersection,Turning Left,0,0,0,0,0,4,0,2,0,0,0
9504,1,Yes,,0,0,2013-01-08T00:00:00,,0,77,17,1,None,55 to 59,1,Intersection,Going Ahead,0,0,0,0,0,4,0,2,0,0,0
9506,1,Yes,,0,0,2013-01-08T00:00:00,,0,77,17,0,None,20 to 24,1,Intersection,Going Ahead,0,0,0,0,0,4,0,2,0,0,0
9509,1,Yes,,0,0,2013-01-09T00:00:00,,0,137,5,0,None,40 to 44,1,Intersection,Turning Left,0,0,0,8,0,4,0,2,0,0,0
9512,1,Yes,,0,0,2013-01-09T00:00:00,,0,21,6,1,None,20 to 24,7,Intersection,Turning Right,0,0,0,8,0,4,0,2,1,0,0
9514,0,Yes,,0,0,2013-01-10T00:00:00,,0,131,18,4,None,35 to 39,0,Intersection,Turning Right,0,0,0,0,0,5,1,2,1,0,0
9515,0,Yes,,0,0,2013-01-10T00:00:00,,0,131,18,1,Fatal,70 to 74,0,Intersection,Going Ahead,0,0,0,0,0,5,1,2,1,0,0
9517,1,Yes,,0,0,2013-01-11T00:00:00,,0,117,6,0,None,70 to 74,0,Intersection,Turning Left,0,0,0,8,0,4,0,2,0,0,5
9519,1,Yes,,0,0,2013-01-12T00:00:00,,0,27,7,0,None,40 to 44,4,Intersection,Going Ahead,0,0,0,8,0,4,0,2,0,1,0
9521,1,Yes,,0,0,2013-01-12T00:00:00,,0,27,7,1,Major,35 to 39,4,Intersection,Going Ahead,0,0,0,8,0,4,0,2,0,1,0
9523,1,,,0,0,2013-01-13T00:00:00,,0,73,6,0,None,50 to 54,1,Intersection,Going Ahead,0,0,0,8,0,4,0,1,1,0,5
9524,1,,,0,0,2013-01-13T00:00:00,,0,73,6,0,None,35 to 39,1,Intersection,Going Ahead,0,0,0,8,0,4,0,1,1,0,5
9527,0,,,0,0,2013-01-15T00:00:00,,0,98,14,0,None,50 to 54,4,Intersection,Turning Left,0,0,0,0,0,4,0,2,0,0,0
9530,1,,,0,0,2013-01-16T00:00:00,,0,104,6,1,None,65 to 69,1,Mid-Block,Going Ahead,0,0,0,0,0,4,0,1,0,0,0
9533,1,,,0,0,2013-01-16T00:00:00,,0,93,6,0,Major,60 to 64,1,Intersection,Turning Left,0,0,0,0,0,4,0,1,0,0,0
9534,1,,,0,0,2013-01-16T00:00:00,,0,93,6,4,Minimal,50 to 54,1,Intersection,Going Ahead,0,0,0,0,0,4,0,1,0,0,0
9535,1,Yes,,0,0,2013-01-16T00:00:00,,0,96,8,2,None,40 to 44,4,Intersection,Turning Left,0,0,0,0,0,0,0,2,0,0,0
9539,1,Yes,,0,0,2013-04-12T00:00:00,,0,75,12,0,None,30 to 34,4,Intersection,Turning Left,0,0,0,8,0,5,0,2,0,0,5
9541,1,Yes,,0,0,2013-01-18T00:00:00,,0,102,10,2,None,35 to 39,4,Intersection,Turning Left,0,0,0,0,0,4,0,2,0,0,0
9543,1,,,0,0,2013-06-25T00:00:00,,0,94,21,0,None,30 to 34,7,Intersection,Stopped,0,0,0,0,0,5,0,1,0,0,0
9545,1,Yes,,0,0,2013-06-27T00:00:00,,0,94,2,4,None,Unknown,1,Intersection,Going Ahead,0,0,0,0,0,5,0,2,0,0,0
9547,1,Yes,,0,0,2013-06-27T00:00:00,,0,110,9,2,None,45 to 49,4,Intersection,Turning Right,0,0,0,0,0,4,0,2,0,0,0
9549,1,Yes,,0,0,2013-06-27T00:00:00,,0,14,10,4,None,40 to 44,4,Intersection,Going Ahead,0,0,0,0,0,4,0,2,0,0,0
9551,1,,,0,0,2013-06-27T00:00:00,,0,12,12,0,None,15 to 19,4,Mid-Block,Other,0,0,0,0,0,4,0,1,0,0,0
9554,1,,,0,0,2013-06-27T00:00:00,,0,124,22,4,None,Unknown,0,Intersection,Going Ahead,0,0,0,0,0,4,0,1,0,0,0
9556,1,,,0,0,2013-06-29T00:00:00,,0,82,22,0,Major,35 to 39,1,Intersection,Going Ahead,0,0,0,0,0,4,0,2,0,0,0
9558,1,,,0,0,2013-06-29T00:00:00,,0,82,22,4,Minimal,40 to 44,1,Intersection,Making U Turn,0,0,0,0,0,4,0,2,0,0,0
9559,1,Yes,,0,0,2013-06-30T00:00:00,,0,24,12,1,None,40 to 44,4,Intersection,Turning Left,0,0,0,0,0,4,0,2,0,0,0
9561,1,Yes,Yes,0,0,2013-07-03T00:00:00,,0,45,0,1,Major,20 to 24,0,Intersection,Going Ahead,0,0,0,0,0,4,0,1,0,0,0
9563,0,Yes,,0,0,2013-07-03T00:00:00,,0,77,13,4,Major,65 to 69,4,Intersection,Going Ahead,0,0,0,0,0,4,0,2,0,0,0
9566,0,Yes,,0,0,2013-07-03T00:00:00,,0,77,13,4,Minor,50 to 54,4,Intersection,Changing Lanes,0,0,0,0,0,4,0,2,0,0,0
9574,0,Yes,,0,0,2013-07-03T00:00:00,,0,128,21,4,Fatal,25 to 29,0,Mid-Block,Going Ahead,0,0,0,0,0,0,1,1,0,0,0
9577,1,Yes,,0,0,2013-07-04T00:00:00,,0,77,14,0,None,30 to 34,4,Intersection,Turning Left,0,0,0,0,0,5,0,2,0,0,0
9579,0,,,0,0,2013-07-05T00:00:00,,0,137,22,1,None,55 to 59,1,Intersection,Going Ahead,0,0,0,0,0,4,0,2,0,0,0
9581,1,,,0,0,2013-07-06T00:00:00,,0,73,20,0,None,45 to 49,4,Intersection,Slowing or Stopping,0,0,0,0,0,4,0,1,1,0,0
9584,1,Yes,,0,0,2013-07-08T00:00:00,,0,56,9,4,None,55 to 59,4,Intersection,Going Ahead,0,0,0,0,0,0,0,2,0,0,0
9587,0,,,0,0,2013-07-08T00:00:00,,0,129,17,2,None,50 to 54,4,Intersection,Going Ahead,0,0,0,8,0,4,0,2,1,0,5
9590,1,Yes,,0,0,2013-07-08T00:00:00,,0,113,21,4,None,65 to 69,0,Intersection,Going Ahead,0,0,0,8,0,4,0,2,0,0,5
9592,1,,,0,0,2013-07-09T00:00:00,,0,75,16,4,None,45 to 49,4,Intersection,Turning Left,0,0,0,0,0,5,0,2,0,0,0
9594,1,,,0,0,2013-07-09T00:00:00,,0,109,17,2,None,25 to 29,4,Mid-Block,Going Ahead,0,0,0,0,0,5,0,1,0,0,0
9596,1,Yes,,0,0,2013-07-09T00:00:00,,0,1,18,0,None,20 to 24,4,Intersection,Going Ahead,0,0,0,0,0,4,0,2,0,1,0
9597,1,Yes,,0,0,2013-07-09T00:00:00,,0,1,18,4,Major,50 to 54,4,Intersection,Turning Left,0,0,0,0,0,4,0,2,0,1,0
9601,1,Yes,,0,0,2013-07-11T00:00:00,,0,34,19,1,None,45 to 49,6,Intersection,Turning Left,0,0,0,0,0,0,0,2,0,0,0
9603,0,Yes,,0,0,2013-07-11T00:00:00,,0,133,22,0,None,35 to 39,1,Intersection,Turning Left,0,0,0,0,0,5,0,1,0,0,0
9606,1,,,0,0,2013-07-12T00:00:00,,0,107,22,1,Minimal,55 to 59,1,Intersection,Turning Left,0,0,0,0,0,4,0,2,0,0,0
9608,1,Yes,,0,0,2013-07-13T00:00:00,,0,130,13,1,Major,20 to 24,4,Intersection,Going Ahead,0,0,0,0,0,4,0,2,0,0,0
9609,1,Yes,,0,0,2013-07-13T00:00:00,,0,130,13,2,None,20 to 24,4,Intersection,Turning Left,0,0,0,0,0,4,0,2,0,0,0
9610,0,,,0,0,2013-06-06T00:00:00,,0,78,23,2,None,30 to 34,1,Intersection,Going Ahead,0,0,0,8,0,4,0,1,0,0,5
9611,1,Yes,,0,0,2013-07-13T00:00:00,,0,129,18,1,None,60 to 64,4,Intersection,Turning Left,0,0,0,0,0,4,0,2,0,0,0
9614,1,,Yes,0,0,2013-07-14T00:00:00,,0,17,3,4,Minimal,25 to 29,1,Mid-Block,Going Ahead,0,0,0,0,0,4,0,1,0,0,0
9615,1,,Yes,0,0,2013-07-14T00:00:00,,0,17,3,4,None,Unknown,1,Mid-Block,Unknown,0,0,0,0,0,4,0,1,0,0,0
9616,1,Yes,,0,0,2013-07-15T00:00:00,,0,124,11,4,None,35 to 39,4,Intersection,Turning Right,0,0,0,0,0,4,0,2,0,0,0
9618,1,Yes,,0,0,2013-07-17T00:00:00,,0,94,21,1,None,60 to 64,0,Intersection,Turning Left,0,0,0,0,0,5,0,2,0,0,0
9620,0,,,0,0,2013-07-18T00:00:00,,0,122,18,2,None,30 to 34,4,Intersection,Other,0,0,0,0,0,0,0,1,0,0,0
9622,1,,,0,0,2013-07-18T00:00:00,,0,34,22,2,Major,25 to 29,1,Intersection,Going Ahead,0,0,0,0,0,4,0,1,0,0,0
9625,1,,,0,0,2013-07-18T00:00:00,,0,34,22,1,Major,25 to 29,1,Intersection,Going Ahead,0,0,0,0,0,4,0,1,0,0,0
9626,1,,,0,0,2013-07-19T00:00:00,,0,85,12,2,None,25 to 29,4,Intersection,Going Ahead,0,0,0,0,0,5,0,1,0,0,0
9628,1,Yes,,0,0,2013-07-19T00:00:00,,0,72,18,1,Major,25 to 29,4,Intersection,Going Ahead,0,0,0,8,0,5,1,1,0,0,5
9629,0,Yes,,0,0,2013-07-22T00:00:00,,0,14,15,1,Fatal,20 to 24,4,Intersection,Going Ahead,0,0,0,0,0,4,0,2,0,0,0
9630,0,Yes,,0,0,2013-07-22T00:00:00,,0,14,15,4,None,45 to 49,4,Intersection,Turning Left,0,0,0,0,0,4,0,2,0,0,0
9633,1,Yes,,0,0,2013-04-12T00:00:00,,0,82,16,0,Major,25 to 29,4,Intersection,Going Ahead,0,0,0,8,0,4,1,2,0,0,5
9635,1,Yes,,0,0,2013-04-12T00:00:00,,0,82,16,1,Minimal,20 to 24,4,Intersection,Turning Left,0,0,0,8,0,4,1,2,0,0,5
9637,1,Yes,,0,0,2013-04-12T00:00:00,,0,53,18,4,Major,30 to 34,4,Mid-Block,Turning Left,0,0,0,8,0,5,1,1,0,0,0
9639,0,Yes,,0,0,2013-04-12T00:00:00,,0,24,20,1,None,35 to 39,1,Mid-Block,Going Ahead,0,0,0,8,0,4,1,1,0,0,5
9642,1,Yes,,0,0,2013-04-12T00:00:00,,0,116,21,4,Minor,45 to 49,1,Intersection,Turning Left,0,0,0,8,0,4,0,2,0,0,0
9645,1,Yes,,0,0,2013-04-12T00:00:00,,0,116,21,0,Minimal,20 to 24,1,Intersection,Going Ahead,0,0,0,8,0,4,0,2,0,0,0
9649,1,,,0,0,2013-04-13T00:00:00,,0,16,11,0,None,45 to 49,4,Intersection,Going Ahead,0,0,0,0,0,4,0,2,0,0,0
9651,0,Yes,Yes,0,0,2013-04-13T00:00:00,,0,126,18,2,None,40 to 44,6,Intersection,Going Ahead,0,0,0,0,0,4,1,2,0,0,0
9652,0,Yes,Yes,0,0,2013-04-13T00:00:00,,0,126,18,2,None,75 to 79,6,Intersection,Going Ahead,0,0,0,0,0,4,1,2,0,0,0
9655,0,Yes,Yes,0,0,2013-04-13T00:00:00,,0,126,18,1,Minor,20 to 24,6,Intersection,Stopped,0,0,0,0,0,4,1,2,0,0,0
9656,0,Yes,Yes,0,0,2013-04-13T00:00:00,,0,126,18,0,None,45 to 49,6,Intersection,Going Ahead,0,0,0,0,0,4,1,2,0,0,0
9657,0,Yes,Yes,0,0,2013-04-13T00:00:00,,0,126,18,2,Minor,25 to 29,6,Intersection,Going Ahead,0,0,0,0,0,4,1,2,0,0,0
9659,0,Yes,Yes,0,0,2013-04-13T00:00:00,,0,126,18,2,None,25 to 29,6,Intersection,Going Ahead,0,0,0,0,0,4,1,2,0,0,0
9661,0,,,0,0,2013-04-16T00:00:00,Yes,0,103,9,0,Fatal,55 to 59,4,Intersection,Going Ahead,0,0,0,0,0,4,0,2,0,0,0
9663,0,,,0,0,2013-04-16T00:00:00,,0,39,14,1,None,35 to 39,4,Intersection,Going Ahead,0,0,0,0,0,4,0,2,0,1,0
9666,1,Yes,,0,0,2013-04-16T00:00:00,,0,30,16,1,None,30 to 34,4,Intersection,Turning Right,0,0,0,0,0,4,0,2,0,0,0
9668,1,,,0,0,2013-04-17T00:00:00,,0,62,17,1,None,50 to 54,4,Intersection,Turning Left,0,0,0,0,0,3,0,2,0,0,0
9671,1,Yes,,0,0,2013-04-22T00:00:00,,0,90,15,2,None,35 to 39,4,Mid-Block,Turning Left,0,0,0,0,0,0,0,1,0,0,0
9672,1,Yes,,0,0,2013-04-22T00:00:00,,0,90,15,4,Major,50 to 54,4,Mid-Block,Going Ahead,0,0,0,0,0,0,0,1,0,0,0
9673,1,,,0,0,2013-04-23T00:00:00,,0,111,18,2,None,50 to 54,4,Intersection,Going Ahead,0,0,0,0,0,4,0,2,0,0,0
9676,1,Yes,,0,0,2013-04-24T00:00:00,,0,17,8,0,Major,75 to 79,4,Intersection,Going Ahead,0,0,0,8,0,5,1,2,0,0,5
9678,1,Yes,,0,0,2013-04-24T00:00:00,,0,48,11,2,Minor,45 to 49,4,Intersection,Going Ahead,0,0,0,8,0,4,0,2,0,0,5
9679,1,Yes,,0,0,2013-04-24T00:00:00,,0,48,11,0,Minor,20 to 24,4,Intersection,Going Ahead,0,0,0,8,0,4,0,2,0,0,5
9680,1,Yes,,0,0,2013-04-24T00:00:00,,0,136,16,1,Major,70 to 74,4,Intersection,Stopped,0,0,0,8,0,4,0,1,1,0,5
9681,1,Yes,,0,0,2013-04-24T00:00:00,,0,136,16,1,Minor,15 to 19,4,Intersection,Changing Lanes,0,0,0,8,0,4,0,1,1,0,5
9683,1,,,0,0,2013-04-25T00:00:00,,0,73,13,1,None,20 to 24,4,Intersection,Going Ahead,0,0,0,0,0,4,0,2,0,0,0
9686,1,Yes,,0,0,2013-04-27T00:00:00,,0,136,15,0,None,15 to 19,4,Intersection,Turning Left,0,0,0,0,0,4,0,2,0,0,0
9688,1,Yes,,0,0,2013-04-27T00:00:00,,0,136,15,4,None,20 to 24,4,Intersection,Going Ahead,0,0,0,0,0,4,0,2,0,0,0
9691,1,Yes,,0,0,2013-04-28T00:00:00,,0,93,12,0,None,25 to 29,4,Intersection,Turning Left,0,0,0,0,0,4,1,2,0,0,0
9692,1,Yes,,0,0,2013-04-28T00:00:00,,0,93,12,4,Major,50 to 54,4,Intersection,Going Ahead,0,0,0,0,0,4,1,2,0,0,0
9695,1,Yes,,0,0,2013-04-28T00:00:00,,0,73,23,2,None,60 to 64,0,Intersection,Turning Left,0,0,0,8,0,4,0,2,0,1,5
9697,0,,,0,0,2013-05-04T00:00:00,,0,75,14,1,Fatal,40 to 44,4,Mid-Block,Changing Lanes,0,0,0,0,0,4,0,1,0,0,0
9700,1,,,0,0,2013-05-05T00:00:00,,0,128,14,2,None,65 to 69,4,Mid-Block,Going Ahead,0,0,0,0,0,3,0,1,0,0,0
9702,1,,,0,0,2013-05-06T00:00:00,,0,17,15,4,None,60 to 64,4,Intersection,Going Ahead,0,0,0,0,0,0,0,1,0,0,0
9706,1,,,0,0,2013-05-06T00:00:00,,0,128,17,2,Minimal,30 to 34,4,Intersection,Going Ahead,0,0,0,0,0,4,0,2,1,0,0
9708,1,,,0,0,2013-05-06T00:00:00,,0,128,17,2,Major,20 to 24,4,Intersection,Changing Lanes,0,0,0,0,0,4,0,2,1,0,0
9710,1,,,0,0,2013-05-07T00:00:00,,0,60,9,2,None,55 to 59,4,Intersection,Going Ahead,0,0,0,0,0,4,0,1,0,0,0
9713,1,,,0,0,2013-05-07T00:00:00,,0,136,21,0,None,35 to 39,1,Intersection,Going Ahead,0,0,0,0,0,4,0,2,1,0,0
9716,1,,,0,0,2013-05-08T00:00:00,,0,14,11,1,None,55 to 59,4,Intersection,Turning Left,0,0,0,0,0,5,0,2,0,0,0
9718,1,,,0,0,2013-05-08T00:00:00,,0,14,11,0,None,75 to 79,4,Intersection,Going Ahead,0,0,0,0,0,5,0,2,0,0,0
9720,1,Yes,,0,0,2013-05-08T00:00:00,,0,100,14,4,None,20 to 24,4,Intersection,Turning Left,0,0,0,0,0,4,0,1,0,0,0
9721,1,Yes,,0,0,2013-05-08T00:00:00,,0,100,14,0,Major,20 to 24,4,Intersection,Going Ahead,0,0,0,0,0,4,0,1,0,0,0
9722,1,,,0,0,2013-05-09T00:00:00,,0,122,8,4,None,60 to 64,4,Intersection,Going Ahead,0,0,0,0,0,4,0,2,0,0,0
9726,1,,,0,0,2013-05-09T00:00:00,,0,76,17,0,None,35 to 39,4,Intersection,Going Ahead,0,0,0,0,0,4,0,2,1,1,0
9727,1,,,0,0,2013-05-09T00:00:00,,0,76,17,2,None,55 to 59,4,Intersection,Stopped,0,0,0,0,0,4,0,2,1,1,0
9730,1,Yes,,0,0,2012-11-29T00:00:00,,0,119,1,2,Minor,20 to 24,0,Intersection,Stopped,0,0,0,0,0,4,1,2,0,0,0
9731,1,Yes,,0,0,2013-01-18T00:00:00,,0,120,15,2,Minor,80 to 84,4,Intersection,Going Ahead,0,0,0,0,0,4,0,1,0,0,0
9733,1,Yes,,0,0,2013-01-18T00:00:00,,0,120,15,1,Minimal,15 to 19,4,Intersection,Changing Lanes,0,0,0,0,0,4,0,1,0,0,0
9734,1,Yes,,0,0,2013-01-18T00:00:00,,0,26,20,0,Minimal,55 to 59,1,Intersection,Turning Right,0,0,0,8,0,4,0,2,0,0,0
9737,1,Yes,,0,0,2013-01-19T00:00:00,,0,94,8,4,None,60 to 64,0,Intersection,Turning Left,0,0,0,8,0,5,0,2,0,0,0
9738,1,,,0,0,2013-06-07T00:00:00,Yes,0,77,19,1,None,65 to 69,6,Mid-Block,Going Ahead,0,0,0,0,0,4,0,1,0,0,0
9739,1,Yes,,0,0,2012-11-29T00:00:00,,0,119,1,2,Major,30 to 34,0,Intersection,Going Ahead,0,0,0,0,0,4,1,2,0,0,0
9743,0,Yes,,0,0,2013-01-23T00:00:00,,0,120,15,0,None,35 to 39,4,Intersection,Going Ahead,0,0,0,0,0,4,0,2,1,0,0
9745,1,Yes,,0,0,2013-01-25T00:00:00,,0,1,9,0,None,60 to 64,4,Mid-Block,Stopped,0,0,0,0,0,4,1,1,0,1,0
9746,1,Yes,,0,0,2013-01-25T00:00:00,,0,1,9,0,Major,25 to 29,4,Mid-Block,Going Ahead,0,0,0,0,0,4,1,1,0,1,0
9748,1,Yes,,0,0,2013-01-25T00:00:00,,0,15,14,0,Major,45 to 49,4,Intersection,Going Ahead,0,0,0,3,0,4,0,2,0,0,6