,ACCLASS,AG_DRIV,ALCOHOL,AUTOMOBILE,CYCLIST,DATE,DISABILITY,EMERG_VEH,HOOD_ID,HOUR,INITDIR,INJURY,INVAGE,LIGHT,LOCCOORD,MANOEUVER,MOTORCYCLE,PASSENGER,PEDESTRIAN,RDSFCOND,REDLIGHT,ROAD_CLASS,SPEEDING,TRAFFCTL,TRSN_CITY_VEH,TRUCK,VISIBILITY
13504,1,,,0,0,2017-02-14T00:00:00,,0,9,10,1,Minimal,15 to 19,4,Intersection,Going Ahead,0,0,0,0,0,4,0,2,0,0,0
13506,0,Yes,,0,0,2017-02-18T00:00:00,,0,17,0,2,Fatal,30 to 34,1,Mid-Block,Going Ahead,0,0,0,0,0,4,1,1,0,0,0
13507,1,Yes,Yes,0,0,2017-02-18T00:00:00,,0,93,3,4,Major,30 to 34,1,Intersection,Going Ahead,0,0,0,0,0,4,1,2,1,0,0
13508,1,Yes,Yes,0,0,2017-02-18T00:00:00,,0,93,3,1,Minor,45 to 49,1,Intersection,Going Ahead,0,0,0,0,0,4,1,2,1,0,0
13509,1,Yes,Yes,0,0,2017-02-18T00:00:00,,0,93,3,2,Minimal,50 to 54,1,Intersection,Going Ahead,0,0,0,0,0,4,1,2,1,0,0
13511,1,,,0,0,2017-02-18T00:00:00,,0,67,7,2,Major,20 to 24,4,Mid-Block,Going Ahead,0,0,0,0,0,4,0,1,0,0,0
13512,1,,,0,0,2017-02-18T00:00:00,,0,76,22,0,None,30 to 34,1,Intersection,Turning Left,0,0,0,0,0,4,0,2,0,0,0
13516,1,Yes,,0,0,2017-02-19T00:00:00,,0,14,10,1,None,35 to 39,4,Intersection,Going Ahead,0,0,0,0,0,4,0,2,0,0,0
13517,1,Yes,,0,0,2017-02-19T00:00:00,,0,14,10,4,Major,45 to 49,4,Intersection,Turning Left,0,0,0,0,0,4,0,2,0,0,0
13519,1,,,0,0,2017-02-19T00:00:00,,0,70,17,4,None,20 to 24,4,Mid-Block,Going Ahead,0,0,0,0,0,5,0,1,0,0,0
13522,0,Yes,,0,0,2017-02-23T00:00:00,,0,76,10,0,None,20 to 24,5,Intersection,Turning Right,0,0,0,0,0,4,0,2,0,0,0
13523,1,,,0,0,2017-02-23T00:00:00,,0,51,12,4,None,65 to 69,4,Intersection,Turning Left,0,0,0,0,0,4,0,2,0,0,0
13525,1,,,0,0,2017-02-23T00:00:00,,0,120,20,4,None,25 to 29,1,Mid-Block,Going Ahead,0,0,0,0,0,4,0,1,0,0,0
13527,1,Yes,,0,0,2017-02-24T00:00:00,,0,85,6,2,None,50 to 54,2,Intersection,Turning Left,0,0,0,8,0,4,0,2,0,0,5
13529,1,,,0,0,2017-02-24T00:00:00,,0,107,18,2,None,70 to 74,1,Intersection,Going Ahead,0,0,0,0,0,5,0,1,0,0,0
13531,1,Yes,Yes,0,0,2017-02-26T00:00:00,,0,138,3,0,Minimal,20 to 24,1,Mid-Block,Going Ahead,0,0,0,0,0,4,1,1,0,0,0
13533,1,Yes,Yes,0,0,2017-02-26T00:00:00,,0,138,3,0,Major,45 to 49,1,Mid-Block,Going Ahead,0,0,0,0,0,4,1,1,0,0,0
13537,1,,,0,0,2017-02-26T00:00:00,,0,79,23,1,None,45 to 49,1,Mid-Block,Going Ahead,0,0,0,0,0,3,0,1,0,0,0
13539,1,Yes,,0,0,2017-02-28T00:00:00,,0,130,21,0,None,45 to 49,1,Intersection,Turning Left,0,0,0,8,0,4,0,2,0,0,5
13541,0,Yes,,0,0,2017-03-04T00:00:00,,0,25,10,0,None,20 to 24,4,Intersection,Going Ahead,0,0,0,0,0,4,0,2,0,0,0
13545,0,,,0,0,2017-03-04T00:00:00,,0,1,12,0,None,75 to 79,4,Mid-Block,Going Ahead,0,0,0,0,0,4,0,1,0,0,0
13546,0,Yes,,0,0,2017-03-07T00:00:00,,0,87,15,4,None,30 to 34,4,Intersection,Overtaking,0,0,0,0,0,4,1,1,0,0,0
13547,0,Yes,,0,0,2017-03-07T00:00:00,,0,87,15,0,None,80 to 84,4,Intersection,Going Ahead,0,0,0,0,0,4,1,1,0,0,0
13549,0,Yes,,0,0,2017-03-07T00:00:00,,0,87,15,0,None,20 to 24,4,Intersection,Going Ahead,0,0,0,0,0,4,1,1,0,0,0
13551,1,,Yes,0,0,2017-03-08T00:00:00,,0,99,0,1,Major,30 to 34,1,Mid-Block,Going Ahead,0,0,0,0,0,4,0,1,0,0,0
13553,1,Yes,,0,0,2017-03-10T00:00:00,,0,79,2,1,Minor,35 to 39,1,Mid-Block,Going Ahead,0,0,0,0,0,4,1,1,0,0,0
13554,1,,,0,0,2017-03-10T00:00:00,Yes,0,133,8,4,Major,85 to 89,4,Intersection,Going Ahead,0,0,0,0,0,5,0,2,0,0,0
13555,1,,,0,0,2017-03-10T00:00:00,Yes,0,133,8,4,None,35 to 39,4,Intersection,Stopped,0,0,0,0,0,5,0,2,0,0,0
13559,1,,,0,0,2017-03-13T00:00:00,,0,129,10,0,None,45 to 49,4,Intersection,Going Ahead,0,0,0,0,0,0,0,2,0,0,0
13560,1,Yes,,0,0,2017-03-13T00:00:00,,0,31,14,2,None,30 to 34,4,Mid-Block,Going Ahead,0,0,0,8,0,5,1,1,0,0,6
13561,1,Yes,,0,0,2017-03-13T00:00:00,,0,31,14,2,Major,40 to 44,4,Mid-Block,Slowing or Stopping,0,0,0,8,0,5,1,1,0,0,6
13562,1,Yes,,0,0,2017-03-15T00:00:00,,0,129,16,2,Minimal,15 to 19,4,Intersection,Going Ahead,0,0,0,0,0,4,0,2,0,0,0
13563,1,Yes,,0,0,2017-03-15T00:00:00,,0,129,16,0,Major,30 to 34,4,Intersection,Going Ahead,0,0,0,0,0,4,0,2,0,0,0
13564,1,Yes,,0,0,2017-03-15T00:00:00,,0,129,16,1,Minimal,45 to 49,4,Intersection,Stopped,0,0,0,0,0,4,0,2,0,0,0
13567,0,,,0,0,2017-03-18T00:00:00,,0,74,19,2,None,65 to 69,1,Mid-Block,Going Ahead,0,0,0,8,0,4,0,1,0,0,5
13568,1,Yes,Yes,0,0,2017-03-19T00:00:00,,0,2,1,2,Major,30 to 34,1,Mid-Block,Going Ahead,0,0,0,8,0,4,1,1,0,0,6
13569,0,Yes,,0,0,2017-03-19T00:00:00,,0,41,2,4,Fatal,45 to 49,1,Mid-Block,Going Ahead,0,0,0,8,0,4,1,1,0,0,0
13570,0,Yes,,0,0,2017-03-19T00:00:00,,0,41,2,0,Minimal,15 to 19,1,Mid-Block,Going Ahead,0,0,0,8,0,4,1,1,0,0,0
13571,1,,,0,0,2017-03-21T00:00:00,,0,70,8,0,None,65 to 69,4,Intersection,Going Ahead,0,0,0,0,0,4,0,2,0,0,0
13573,1,Yes,,0,0,2017-03-21T00:00:00,,0,138,9,2,None,60 to 64,4,Intersection,Turning Left,0,0,0,0,0,4,0,2,0,0,0
13575,1,Yes,,0,0,2017-03-21T00:00:00,,0,119,16,0,None,50 to 54,4,Intersection,Turning Right,0,0,0,0,0,4,0,2,0,0,0
13578,1,,,0,0,2017-03-22T00:00:00,,0,68,14,1,None,Unknown,4,Intersection,Going Ahead,0,0,0,0,0,5,0,1,0,0,0
13579,1,Yes,,0,0,2017-03-23T00:00:00,,0,2,6,0,Major,55 to 59,2,Intersection,Turning Left,0,0,0,0,0,5,0,2,0,0,0
13580,1,Yes,,0,0,2017-03-23T00:00:00,,0,2,6,2,Minimal,25 to 29,2,Intersection,Going Ahead,0,0,0,0,0,5,0,2,0,0,0
13583,1,Yes,,0,0,2016-11-12T00:00:00,,0,50,12,2,None,50 to 54,4,Intersection,Turning Left,0,0,0,0,0,5,0,2,0,0,0
13584,1,Yes,,0,0,2016-12-21T00:00:00,,0,85,13,4,None,60 to 64,4,Mid-Block,Slowing or Stopping,0,0,0,0,0,4,0,1,0,0,0
13585,1,,,0,0,2017-09-05T00:00:00,,0,132,0,0,Minor,15 to 19,1,Mid-Block,Going Ahead,0,0,0,0,0,5,0,1,0,0,0
13587,1,Yes,,0,0,2016-11-12T00:00:00,,0,50,12,1,Major,55 to 59,4,Intersection,Going Ahead,0,0,0,0,0,5,0,2,0,0,0
13588,1,,,0,0,2017-09-05T00:00:00,,0,104,17,0,None,35 to 39,4,Mid-Block,Going Ahead,0,0,0,0,0,3,0,1,0,0,0
13590,1,Yes,,0,0,2016-11-13T00:00:00,,0,25,22,1,None,25 to 29,1,Intersection,Turning Left,0,0,0,0,0,4,1,2,0,0,0
13594,1,Yes,,0,0,2016-11-13T00:00:00,,0,25,22,4,Major,45 to 49,1,Intersection,Going Ahead,0,0,0,0,0,4,1,2,0,0,0
13600,1,Yes,,0,0,2017-08-06T00:00:00,,0,93,12,2,None,55 to 59,4,Intersection,Turning Left,0,0,0,0,0,4,0,1,0,0,0
13602,1,Yes,,0,0,2016-11-13T00:00:00,,0,25,22,4,None,50 to 54,1,Intersection,Going Ahead,0,0,0,0,0,4,1,2,0,0,0
13604,1,Yes,,0,0,2017-08-06T00:00:00,,0,93,12,1,Major,40 to 44,4,Intersection,Going Ahead,0,0,0,0,0,4,0,1,0,0,0
13607,0,Yes,,0,0,2016-11-14T00:00:00,,0,118,8,1,None,Unknown,4,Intersection,Turning Right,0,0,0,0,0,4,0,2,0,0,0
13608,1,,,0,0,2016-12-21T00:00:00,,0,117,20,2,None,60 to 64,1,Intersection,Going Ahead,0,0,0,8,0,4,0,2,0,0,0
13610,1,Yes,Yes,0,0,2016-12-24T00:00:00,,0,34,3,2,Major,25 to 29,1,Intersection,Going Ahead,0,0,0,6,0,4,1,2,0,0,5
13611,1,,,0,0,2016-12-25T00:00:00,,0,95,7,0,None,25 to 29,1,Mid-Block,Going Ahead,0,0,0,0,0,5,0,1,0,0,0
13613,1,Yes,,0,0,2016-12-25T00:00:00,,0,52,21,4,None,30 to 34,1,Intersection,Turning Right,0,0,0,0,0,4,0,2,0,0,0
13615,1,,,0,0,2016-12-27T00:00:00,,0,131,2,2,Minor,20 to 24,1,Intersection,Going Ahead,0,0,0,0,0,5,0,2,0,0,0
13617,1,Yes,,0,0,2016-12-28T00:00:00,,0,109,19,1,None,Unknown,1,Intersection,Turning Left,0,0,0,0,0,4,0,2,0,0,0
13619,1,,,0,0,2016-12-31T00:00:00,,0,43,20,4,None,25 to 29,1,Intersection,Turning Left,0,0,0,8,0,4,0,2,0,0,0
13620,1,,,0,0,2016-12-31T00:00:00,,0,43,20,0,None,50 to 54,1,Intersection,Going Ahead,0,0,0,8,0,4,0,2,0,0,0
13625,1,,,0,0,2017-01-01T00:00:00,,0,24,14,4,Major,85 to 89,4,Mid-Block,Reversing,0,0,0,4,0,3,0,1,0,0,0
13631,1,Yes,,0,0,2017-01-03T00:00:00,,0,20,0,0,Major,25 to 29,1,Mid-Block,Slowing or Stopping,0,0,0,8,0,4,1,1,0,0,5
13632,1,Yes,,0,0,2017-01-03T00:00:00,,0,20,0,0,Minimal,75 to 79,1,Mid-Block,Going Ahead,0,0,0,8,0,4,1,1,0,0,5
13633,0,,,0,0,2017-01-03T00:00:00,,0,77,7,2,None,35 to 39,0,Intersection,Going Ahead,0,0,0,8,0,5,0,2,0,0,5
13635,1,Yes,Yes,0,0,2017-01-07T00:00:00,,0,34,0,1,None,20 to 24,1,Intersection,Going Ahead,0,0,0,0,0,4,1,2,0,0,0
13636,1,Yes,Yes,0,0,2017-01-07T00:00:00,,0,34,0,1,Major,65 to 69,1,Intersection,Going Ahead,0,0,0,0,0,4,1,2,0,0,0
13637,1,Yes,Yes,0,0,2017-01-07T00:00:00,,0,34,0,0,Minimal,35 to 39,1,Intersection,Going Ahead,0,0,0,0,0,4,1,2,0,0,0
13638,1,Yes,,0,0,2017-01-07T00:00:00,,0,14,22,1,Minor,20 to 24,1,Intersection,Going Ahead,0,0,0,0,0,4,0,1,0,0,0
13639,1,Yes,,0,0,2017-01-07T00:00:00,,0,14,22,1,None,60 to 64,1,Intersection,Slowing or Stopping,0,0,0,0,0,4,0,1,0,0,0
13642,1,Yes,,0,0,2017-01-08T00:00:00,,0,96,13,4,None,55 to 59,4,Intersection,Turning Left,0,0,0,0,0,4,0,2,0,0,0
13645,0,,,0,0,2017-01-08T00:00:00,,0,126,18,4,None,25 to 29,1,Intersection,Going Ahead,0,0,0,0,0,4,0,2,0,0,0
13647,1,,,0,0,2017-01-10T00:00:00,,0,75,20,0,None,55 to 59,1,Intersection,Going Ahead,0,0,0,8,0,4,0,2,0,0,5
13650,1,,,0,0,2017-01-12T00:00:00,Yes,0,22,22,1,Major,55 to 59,1,Mid-Block,Going Ahead,0,0,0,0,0,4,0,1,0,1,0
13655,1,,,0,0,2017-01-14T00:00:00,,0,132,19,2,Minimal,20 to 24,1,Intersection,Going Ahead,0,0,0,0,0,5,0,2,0,0,0
13656,1,,,0,0,2017-01-14T00:00:00,,0,132,19,1,Minimal,75 to 79,1,Intersection,Turning Left,0,0,0,0,0,5,0,2,0,0,0
13658,1,,,0,0,2017-01-15T00:00:00,,0,99,20,1,None,55 to 59,1,Intersection,Going Ahead,0,0,0,0,0,4,0,1,0,0,0
13659,1,,,0,0,2017-01-19T00:00:00,,0,76,5,0,None,60 to 64,1,Intersection,Turning Right,0,0,0,0,0,4,0,2,0,1,0
13661,1,,,0,0,2017-01-19T00:00:00,,0,136,17,1,None,65 to 69,1,Mid-Block,Going Ahead,0,0,0,0,0,0,0,1,0,0,0
13663,1,Yes,,0,0,2017-01-19T00:00:00,,0,124,18,2,None,20 to 24,1,Intersection,Going Ahead,0,0,0,8,0,4,1,0,0,0,0
13664,1,Yes,,0,0,2017-01-19T00:00:00,,0,124,18,2,Major,20 to 24,1,Intersection,Going Ahead,0,0,0,8,0,4,1,0,0,0,0
13665,1,Yes,,0,0,2017-01-20T00:00:00,,0,108,5,1,Major,50 to 54,1,Intersection,Going Ahead,0,0,0,0,0,5,0,2,0,0,0
13666,1,Yes,,0,0,2017-01-20T00:00:00,,0,108,5,4,None,30 to 34,1,Intersection,Going Ahead,0,0,0,0,0,5,0,2,0,0,0
13667,0,Yes,,0,0,2017-01-21T00:00:00,,0,19,0,2,Fatal,20 to 24,1,Mid-Block,Going Ahead,0,0,0,8,0,4,1,1,0,0,2
13669,1,,,0,0,2017-01-24T00:00:00,,0,104,16,2,None,60 to 64,4,Mid-Block,Going Ahead,0,0,0,8,0,0,0,1,0,0,3
13670,0,Yes,,0,0,2017-01-25T00:00:00,Yes,0,22,14,1,None,55 to 59,4,Intersection,Going Ahead,0,0,0,8,0,4,0,2,0,1,0
13671,0,Yes,,0,0,2017-01-25T00:00:00,Yes,0,22,14,2,Fatal,85 to 89,4,Intersection,Going Ahead,0,0,0,8,0,4,0,2,0,1,0
13672,0,Yes,,0,0,2017-01-25T00:00:00,Yes,0,22,14,3,None,40 to 44,4,Intersection,Going Ahead,0,0,0,8,0,4,0,2,0,1,0
13673,0,Yes,,0,0,2017-01-25T00:00:00,Yes,0,22,14,0,None,50 to 54,4,Intersection,Going Ahead,0,0,0,8,0,4,0,2,0,1,0
13674,1,Yes,,0,0,2017-01-25T00:00:00,,0,79,19,4,None,Unknown,1,Intersection,Turning Right,0,0,0,8,0,4,0,2,0,0,5
13676,1,,,0,0,2017-01-27T00:00:00,,0,77,14,4,None,45 to 49,4,Mid-Block,Stopped,0,0,0,0,0,5,0,1,0,0,0
13678,1,,,0,0,2017-01-27T00:00:00,,0,77,14,4,None,50 to 54,4,Mid-Block,Going Ahead,0,0,0,0,0,5,0,1,0,0,0
13679,0,,,0,0,2017-01-29T00:00:00,,0,77,1,0,None,20 to 24,0,Mid-Block,Going Ahead,0,0,0,0,0,4,0,1,0,0,0
13681,1,,,0,0,2017-01-29T00:00:00,,0,25,2,1,Major,20 to 24,1,Mid-Block,Going Ahead,0,0,0,0,0,5,0,1,0,0,0
13682,0,Yes,Yes,0,0,2017-01-29T00:00:00,,0,85,3,4,Minimal,40 to 44,1,Mid-Block,Going Ahead,0,0,0,0,0,4,1,1,0,0,0
13683,0,Yes,Yes,0,0,2017-01-29T00:00:00,,0,85,3,4,Fatal,20 to 24,1,Mid-Block,Going Ahead,0,0,0,0,0,4,1,1,0,0,0
13684,1,Yes,,0,0,2017-02-01T00:00:00,,0,134,14,0,Major,45 to 49,4,Intersection,Going Ahead,0,0,0,0,0,4,0,2,0,0,0
13686,0,Yes,,0,0,2017-02-02T00:00:00,,0,138,2,2,Fatal,25 to 29,0,Intersection,Going Ahead,0,0,0,8,0,4,1,2,0,0,0
13687,1,Yes,,0,0,2017-08-08T00:00:00,,0,111,5,1,Minimal,20 to 24,0,Intersection,Going Ahead,0,0,0,0,0,4,1,2,0,0,0
13690,0,Yes,,0,0,2017-09-05T00:00:00,,0,34,18,4,None,70 to 74,4,Intersection,Going Ahead,0,0,0,0,0,3,0,2,0,0,0
13691,1,Yes,,0,0,2017-08-08T00:00:00,,0,111,5,2,Major,55 to 59,0,Intersection,Turning Left,0,0,0,0,0,4,1,2,0,0,0
13692,1,,,0,0,2016-11-18T00:00:00,,0,51,3,1,None,45 to 49,1,Intersection,Going Ahead,0,0,0,0,0,4,0,2,1,0,0
13694,1,,,0,0,2016-11-18T00:00:00,,0,13,13,4,None,20 to 24,4,Intersection,Going Ahead,0,0,0,0,0,4,0,1,0,0,0
13696,1,,,0,0,2016-11-19T00:00:00,,0,130,18,2,None,70 to 74,1,Intersection,Turning Left,0,0,0,0,0,4,0,2,0,0,0
13698,1,,,0,0,2016-11-22T00:00:00,,0,120,6,0,None,35 to 39,1,Intersection,Turning Left,0,0,0,8,0,4,0,2,0,0,0
13701,1,Yes,,0,0,2016-11-22T00:00:00,,0,17,20,0,None,25 to 29,1,Intersection,Turning Left,0,0,0,0,0,3,0,1,0,0,0
13703,1,,,0,0,2016-11-23T00:00:00,,0,11,15,2,None,55 to 59,4,Intersection,Going Ahead,0,0,0,0,0,4,0,2,0,0,0
13704,1,,,0,0,2016-11-23T00:00:00,,0,11,15,2,Major,20 to 24,4,Intersection,Going Ahead,0,0,0,0,0,4,0,2,0,0,0
13706,0,,,0,0,2016-11-24T00:00:00,,0,73,20,0,None,35 to 39,0,Mid-Block,Going Ahead,0,0,0,8,0,3,0,1,0,0,0
13707,1,Yes,,0,0,2016-11-25T00:00:00,,0,129,2,4,None,20 to 24,1,Intersection,Going Ahead,0,0,0,8,0,4,1,2,0,0,2
13708,1,Yes,,0,0,2016-11-25T00:00:00,,0,129,2,0,Major,20 to 24,1,Intersection,Turning Left,0,0,0,8,0,4,1,2,0,0,2
13713,1,Yes,,0,0,2016-11-25T00:00:00,,0,14,14,4,Minor,40 to 44,4,Mid-Block,Going Ahead,0,0,0,0,0,4,1,1,0,0,0
13714,1,Yes,,0,0,2016-11-25T00:00:00,,0,14,14,0,Major,85 to 89,4,Mid-Block,Going Ahead,0,0,0,0,0,4,1,1,0,0,0
13715,1,Yes,,0,0,2016-11-25T00:00:00,,0,14,14,0,Minor,55 to 59,4,Mid-Block,Going Ahead,0,0,0,0,0,4,1,1,0,0,0
13716,1,Yes,,0,0,2016-11-25T00:00:00,,0,14,14,0,None,20 to 24,4,Mid-Block,Going Ahead,0,0,0,0,0,4,1,1,0,0,0
13719,1,Yes,,0,0,2016-11-26T00:00:00,,0,42,18,1,None,40 to 44,1,Intersection,Turning Left,0,0,0,8,0,4,0,2,0,0,5
13722,1,,,0,0,2016-11-28T00:00:00,,0,101,1,2,None,60 to 64,1,Mid-Block,Going Ahead,0,0,0,0,0,4,0,1,0,0,0
13724,0,Yes,,0,0,2016-11-28T00:00:00,,0,71,21,0,None,20 to 24,0,Intersection,Going Ahead,0,0,0,0,0,4,1,2,0,0,0
13728,1,,,0,0,2016-11-29T00:00:00,,0,11,7,2,None,55 to 59,3,Mid-Block,Going Ahead,0,0,0,8,0,5,0,1,0,0,5
13731,1,Yes,,0,0,2016-11-29T00:00:00,,0,31,22,0,None,35 to 39,1,Intersection,Turning Left,0,0,0,0,0,4,0,2,0,0,0
13733,1,Yes,,0,0,2016-11-30T00:00:00,,0,42,21,4,None,35 to 39,1,Intersection,Going Ahead,0,0,0,8,0,0,1,1,0,0,5
13735,0,Yes,,0,0,2016-12-01T00:00:00,,0,60,13,2,None,60 to 64,4,Intersection,Turning Left,0,0,0,0,0,0,0,2,0,0,0
13737,1,Yes,,0,0,2016-12-02T00:00:00,,0,77,2,1,Major,20 to 24,1,Intersection,Going Ahead,0,0,0,0,0,4,1,1,0,0,0
13739,1,,,0,0,2016-12-03T00:00:00,,0,119,7,1,None,45 to 49,3,Mid-Block,Going Ahead,0,0,0,0,0,4,0,1,0,0,0
13741,1,Yes,Yes,0,0,2016-12-04T00:00:00,,0,140,7,4,None,15 to 19,2,Intersection,Going Ahead,0,0,0,0,0,4,0,2,0,0,0
13742,1,Yes,Yes,0,0,2016-12-04T00:00:00,,0,140,7,2,Minor,55 to 59,2,Intersection,Going Ahead,0,0,0,0,0,4,0,2,0,0,0
13744,1,Yes,,0,0,2016-12-04T00:00:00,,0,73,23,0,None,75 to 79,1,Intersection,Turning Left,0,0,0,8,0,5,0,1,0,0,5
13747,0,,,0,0,2016-12-06T00:00:00,,0,38,7,1,None,50 to 54,4,Mid-Block,Going Ahead,0,0,0,0,0,4,0,1,0,0,0
13748,1,Yes,,0,0,2016-12-06T00:00:00,,0,79,15,0,None,Unknown,4,Intersection,Turning Left,0,0,0,0,0,4,0,1,0,0,0
13750,1,,,0,0,2016-12-06T00:00:00,,0,85,18,2,None,20 to 24,1,Intersection,Turning Left,0,0,0,8,0,4,0,2,0,0,5
13752,1,,,0,0,2016-12-06T00:00:00,,0,75,18,0,None,35 to 39,1,Mid-Block,Going Ahead,0,0,0,8,0,4,0,1,0,0,5
13755,1,Yes,,0,0,2016-12-06T00:00:00,,0,64,22,4,None,50 to 54,1,Intersection,Turning Left,0,0,0,8,0,5,0,2,0,0,5
13756,1,Yes,,0,0,2016-12-12T00:00:00,,0,85,21,0,Major,30 to 34,1,Mid-Block,Going Ahead,0,0,0,0,0,4,1,1,0,0,0
13759,1,Yes,,0,0,2016-12-06T00:00:00,,0,64,22,4,None,50 to 54,1,Intersection,Turning Left,0,0,0,8,0,5,0,2,0,0,5
13760,1,Yes,Yes,0,0,2016-12-09T00:00:00,,0,136,2,0,Major,20 to 24,1,Intersection,Going Ahead,0,0,0,8,0,4,1,2,0,0,0
13761,1,,,0,0,2016-12-11T00:00:00,,0,30,15,1,Major,75 to 79,4,Mid-Block,Going Ahead,0,0,0,3,0,4,0,1,0,0,6
13763,1,,,0,0,2016-12-12T00:00:00,,0,73,22,2,None,Unknown,1,Mid-Block,Pulling Away from Shoulder or Curb,0,0,0,3,0,3,0,1,0,0,0
13765,0,,,0,0,2016-12-13T00:00:00,,0,129,14,2,None,55 to 59,4,Mid-Block,Going Ahead,0,0,0,0,0,4,0,1,0,0,0
13767,1,Yes,,0,0,2017-08-08T00:00:00,,0,117,8,2,None,50 to 54,4,Intersection,Turning Left,0,0,0,0,0,4,0,2,0,0,0
13769,1,,,0,0,2017-09-06T00:00:00,,0,62,20,4,None,55 to 59,1,Intersection,Turning Left,0,0,0,0,0,5,0,1,0,0,0
13772,1,Yes,,0,0,2017-08-09T00:00:00,,0,70,9,2,Major,25 to 29,4,Mid-Block,Going Ahead,0,0,0,0,0,4,0,1,0,0,0
13773,1,Yes,,0,0,2017-08-09T00:00:00,,0,70,9,2,None,30 to 34,4,Mid-Block,Going Ahead,0,0,0,0,0,4,0,1,0,0,0
13774,1,Yes,,0,0,2017-08-09T00:00:00,,0,70,9,2,Minor,25 to 29,4,Mid-Block,Stopped,0,0,0,0,0,4,0,1,0,0,0
13775,0,,,0,0,2017-08-10T00:00:00,,0,131,18,4,Fatal,50 to 54,4,Intersection,Going Ahead,0,0,0,0,0,4,0,2,1,0,0
13776,0,,,0,0,2017-08-10T00:00:00,,0,131,18,4,None,45 to 49,4,Intersection,Stopped,0,0,0,0,0,4,0,2,1,0,0
13779,1,Yes,,0,0,2017-08-11T00:00:00,,0,50,21,0,Major,30 to 34,1,Mid-Block,Stopped,0,0,0,8,0,4,0,1,0,0,5
13780,0,,,0,0,2017-06-30T00:00:00,,0,111,13,4,None,60 to 64,4,Mid-Block,Turning Right,0,0,0,0,0,0,0,1,0,0,0
13781,1,Yes,,0,0,2017-08-11T00:00:00,,0,50,21,0,Minimal,30 to 34,1,Mid-Block,Going Ahead,0,0,0,8,0,4,0,1,0,0,5
13782,1,Yes,,0,0,2017-08-11T00:00:00,,0,50,21,0,None,60 to 64,1,Mid-Block,Going Ahead,0,0,0,8,0,4,0,1,0,0,5
13783,1,Yes,,0,0,2017-08-12T00:00:00,,0,110,19,1,Major,35 to 39,4,Intersection,Going Ahead,0,0,0,0,0,4,1,2,0,0,0
13784,1,Yes,,0,0,2017-08-12T00:00:00,,0,110,19,2,None,35 to 39,4,Intersection,Turning Left,0,0,0,0,0,4,1,2,0,0,0
13785,1,Yes,Yes,0,0,2017-08-13T00:00:00,,0,24,2,1,None,20 to 24,1,Intersection,Going Ahead,0,0,0,0,0,4,0,2,0,0,0
13786,1,Yes,Yes,0,0,2017-08-13T00:00:00,,0,24,2,2,Major,25 to 29,1,Intersection,Turning Left,0,0,0,0,0,4,0,2,0,0,0
13787,1,,,0,0,2017-08-14T00:00:00,,0,120,9,1,Major,65 to 69,4,Intersection,Going Ahead,0,0,0,0,0,4,0,1,0,0,0
13788,1,,,0,0,2017-08-14T00:00:00,,0,120,9,1,Minor,25 to 29,4,Intersection,Stopped,0,0,0,0,0,4,0,1,0,0,0
13791,0,,,0,0,2017-08-15T00:00:00,,0,73,4,0,None,Unknown,1,Mid-Block,Going Ahead,0,0,0,8,0,4,0,1,0,0,5
13795,1,,,0,0,2017-08-15T00:00:00,,0,33,17,4,None,30 to 34,4,Intersection,Going Ahead,0,0,0,0,0,4,0,2,1,0,0
13796,1,,,0,0,2017-08-15T00:00:00,,0,33,17,2,None,30 to 34,4,Intersection,Turning Left,0,0,0,0,0,4,0,2,1,0,0
13797,1,,,0,0,2017-08-17T00:00:00,,0,31,22,2,None,40 to 44,1,Intersection,Going Ahead,0,0,0,8,0,4,0,1,0,0,5
13800,1,Yes,Yes,0,0,2017-08-17T00:00:00,,0,129,22,1,None,20 to 24,1,Intersection,Going Ahead,0,0,0,0,0,0,1,1,0,0,0
13801,1,Yes,,0,0,2017-08-18T00:00:00,,0,33,10,2,None,45 to 49,4,Intersection,Turning Right,0,0,0,0,0,4,0,2,0,0,0
13803,1,Yes,,0,0,2017-08-18T00:00:00,,0,14,14,4,Major,25 to 29,4,Mid-Block,Turning Left,0,0,0,0,0,5,0,2,0,0,0
13804,1,Yes,,0,0,2017-08-18T00:00:00,,0,14,14,1,None,40 to 44,4,Mid-Block,Going Ahead,0,0,0,0,0,5,0,2,0,0,0
13808,1,,,0,0,2017-08-18T00:00:00,,0,124,16,2,None,65 to 69,4,Intersection,Going Ahead,0,0,0,0,0,4,0,1,0,0,0
13812,1,,,0,0,2017-08-18T00:00:00,,0,22,23,4,None,35 to 39,1,Intersection,Going Ahead,0,0,0,0,0,4,0,2,0,0,0
13813,1,Yes,,0,0,2017-08-19T00:00:00,,0,4,23,0,Major,30 to 34,1,Mid-Block,Going Ahead,0,0,0,0,0,3,0,1,0,0,0
13814,1,Yes,,0,0,2017-08-19T00:00:00,,0,4,23,1,None,35 to 39,1,Mid-Block,Turning Left,0,0,0,0,0,3,0,1,0,0,0
13815,1,Yes,,0,0,2017-08-21T00:00:00,,0,22,1,4,None,Unknown,1,Mid-Block,Going Ahead,0,0,0,0,0,4,1,1,0,0,0