,ACCLASS,AG_DRIV,ALCOHOL,AUTOMOBILE,CYCLIST,DATE,DISABILITY,EMERG_VEH,HOOD_ID,HOUR,INITDIR,INJURY,INVAGE,LIGHT,LOCCOORD,MANOEUVER,MOTORCYCLE,PASSENGER,PEDESTRIAN,RDSFCOND,REDLIGHT,ROAD_CLASS,SPEEDING,TRAFFCTL,TRSN_CITY_VEH,TRUCK,VISIBILITY
15657,1,,,0,0,2018-10-26T00:00:00,,0,68,11,4,None,Unknown,4,Intersection,Reversing,0,0,0,0,0,4,0,2,0,0,0
15658,1,,,0,0,2018-10-26T00:00:00,,0,68,11,4,Major,65 to 69,4,Intersection,Stopped,0,0,0,0,0,4,0,2,0,0,0
15660,1,Yes,,0,0,2018-10-29T00:00:00,,0,91,5,4,None,20 to 24,1,Intersection,Going Ahead,0,0,0,0,0,4,0,2,0,0,0
15663,1,,,0,0,2018-10-30T00:00:00,,0,116,10,1,None,45 to 49,4,Intersection,Turning Right,0,0,0,0,0,4,0,2,0,0,0
15664,1,Yes,,0,0,2018-10-31T00:00:00,,0,70,6,1,Major,30 to 34,1,Intersection,Turning Left,0,0,0,8,0,4,0,2,0,0,5
15666,1,Yes,,0,0,2018-10-31T00:00:00,,0,73,7,4,None,40 to 44,0,Intersection,Going Ahead,0,0,0,8,0,4,0,1,0,0,5
15671,0,Yes,,0,0,2019-09-07T00:00:00,,0,43,0,0,None,40 to 44,0,Intersection,Turning Left,0,0,0,0,0,4,1,2,0,0,0
15673,1,Yes,,0,0,2019-03-13T00:00:00,,0,131,5,0,Minor,50 to 54,0,Mid-Block,Going Ahead,0,0,0,1,0,5,1,1,0,0,0
15674,1,Yes,,0,0,2019-03-13T00:00:00,,0,131,5,4,Major,50 to 54,0,Mid-Block,Going Ahead,0,0,0,1,0,5,1,1,0,0,0
15678,1,Yes,,0,0,2019-03-13T00:00:00,,0,15,9,2,Minor,35 to 39,4,Intersection,Overtaking,0,0,0,0,0,5,0,1,0,0,0
15679,1,Yes,,0,0,2019-03-13T00:00:00,,0,15,9,1,None,15 to 19,4,Intersection,Going Ahead,0,0,0,0,0,5,0,1,0,0,0
15680,1,Yes,,0,0,2019-03-13T00:00:00,,0,15,9,2,Major,70 to 74,4,Intersection,Going Ahead,0,0,0,0,0,5,0,1,0,0,0
15681,1,,,0,0,2019-03-13T00:00:00,,0,76,16,2,None,55 to 59,4,Intersection,Going Ahead,0,0,0,0,0,4,0,2,1,0,0
15683,1,,,0,0,2019-03-13T00:00:00,,0,78,21,4,None,70 to 74,1,Intersection,Turning Left,0,0,0,0,0,4,0,2,0,0,0
15685,1,,,0,0,2019-03-15T00:00:00,,0,130,22,1,None,80 to 84,1,Intersection,Going Ahead,0,0,0,8,0,4,0,1,0,0,5
15687,1,,,0,0,2019-03-16T00:00:00,,0,76,21,1,None,60 to 64,1,Intersection,Turning Left,0,0,0,8,0,4,0,2,0,0,0
15689,1,Yes,,0,0,2019-03-17T00:00:00,,0,73,6,0,None,20 to 24,1,Mid-Block,Going Ahead,0,0,0,0,0,4,1,1,0,0,0
15692,1,Yes,,0,0,2019-03-18T00:00:00,,0,69,9,0,None,30 to 34,4,Intersection,Turning Right,0,0,0,0,0,4,0,2,0,0,0
15694,1,,,0,0,2019-03-18T00:00:00,,0,47,15,1,None,50 to 54,4,Intersection,Going Ahead,0,0,0,0,0,4,0,2,0,0,0
15697,1,Yes,,0,0,2019-03-18T00:00:00,,0,76,20,4,None,Unknown,1,Mid-Block,Going Ahead,0,0,0,0,0,0,0,1,0,0,0
15699,1,,,0,0,2019-03-20T00:00:00,,0,14,12,0,None,40 to 44,4,Intersection,Going Ahead,0,0,0,0,0,5,0,1,0,0,0
15702,1,,,0,0,2019-03-20T00:00:00,,0,76,18,4,None,35 to 39,4,Mid-Block,Making U Turn,0,0,0,0,0,4,0,1,0,0,0
15703,1,,,0,0,2019-03-20T00:00:00,,0,76,18,0,Major,50 to 54,4,Mid-Block,Going Ahead,0,0,0,0,0,4,0,1,0,0,0
15707,1,Yes,,0,0,2019-03-23T00:00:00,,0,10,11,0,None,55 to 59,4,Intersection,Going Ahead,0,0,0,0,0,4,0,2,0,1,0
15708,1,Yes,,0,0,2019-03-23T00:00:00,,0,10,11,0,Minor,65 to 69,4,Intersection,Slowing or Stopping,0,0,0,0,0,4,0,2,0,1,0
15710,1,,,0,0,2019-03-23T00:00:00,,0,76,19,2,None,60 to 64,4,Mid-Block,Turning Left,0,0,0,0,0,3,0,1,0,0,0
15712,1,Yes,,0,0,2019-03-24T00:00:00,,0,26,22,0,None,30 to 34,1,Intersection,Turning Left,0,0,0,0,0,4,0,2,0,0,0
15713,1,Yes,,0,0,2019-03-24T00:00:00,,0,26,22,4,Major,15 to 19,1,Intersection,Going Ahead,0,0,0,0,0,4,0,2,0,0,0
15717,1,Yes,,0,0,2019-03-25T00:00:00,,0,36,19,4,None,45 to 49,4,Intersection,Turning Right,0,0,0,0,0,5,0,1,0,0,0
15719,1,Yes,,0,0,2019-03-26T00:00:00,,0,76,9,4,None,30 to 34,4,Intersection,Going Ahead,0,0,0,0,0,4,0,2,0,0,0
15720,1,Yes,,0,0,2019-03-26T00:00:00,,0,76,9,1,Major,60 to 64,4,Intersection,Going Ahead,0,0,0,0,0,4,0,2,0,0,0
15723,1,Yes,,0,0,2019-03-29T00:00:00,,0,71,20,1,None,20 to 24,4,Intersection,Turning Left,0,0,0,0,0,4,0,2,0,0,0
15724,1,Yes,,0,0,2019-03-29T00:00:00,,0,71,20,2,Major,25 to 29,4,Intersection,Going Ahead,0,0,0,0,0,4,0,2,0,0,0
15725,1,Yes,,0,0,2019-03-30T00:00:00,,0,54,3,4,Major,30 to 34,1,Mid-Block,Going Ahead,0,0,0,0,0,4,1,1,0,0,0
15726,1,Yes,,0,0,2019-04-01T00:00:00,,0,70,8,0,None,30 to 34,4,Intersection,Going Ahead,0,0,0,0,0,4,0,2,1,0,0
15727,1,Yes,,0,0,2019-04-01T00:00:00,,0,70,8,0,Minimal,40 to 44,4,Intersection,Stopped,0,0,0,0,0,4,0,2,1,0,0
15729,1,Yes,,0,0,2019-04-01T00:00:00,,0,137,23,1,None,20 to 24,1,Intersection,Going Ahead,0,0,0,0,0,4,1,2,0,0,0
15731,1,Yes,,0,0,2019-04-02T00:00:00,,0,48,0,0,None,20 to 24,0,Mid-Block,Going Ahead,0,0,0,0,0,4,0,1,0,0,0
15734,0,Yes,,0,0,2019-04-06T00:00:00,,0,129,9,2,None,50 to 54,4,Intersection,Turning Left,0,0,0,0,0,4,0,2,0,0,0
15735,0,Yes,,0,0,2019-04-06T00:00:00,,0,117,10,2,Minimal,65 to 69,4,Intersection,Slowing or Stopping,0,0,0,0,0,4,1,2,0,0,0
15736,0,Yes,,0,0,2019-04-06T00:00:00,,0,117,10,1,Minor,55 to 59,4,Intersection,Going Ahead,0,0,0,0,0,4,1,2,0,0,0
15737,0,Yes,,0,0,2019-04-06T00:00:00,,0,117,10,2,Fatal,40 to 44,4,Intersection,Slowing or Stopping,0,0,0,0,0,4,1,2,0,0,0
15738,1,,,0,0,2019-04-07T00:00:00,,0,13,11,2,Major,25 to 29,4,Intersection,Going Ahead,0,0,0,0,0,5,0,2,0,0,0
15739,1,Yes,,0,0,2019-04-07T00:00:00,,0,131,13,0,None,65 to 69,4,Intersection,Turning Left,0,0,0,0,0,5,0,2,0,0,0
15741,1,,,0,0,2019-04-09T00:00:00,,0,115,8,1,None,20 to 24,4,Mid-Block,Going Ahead,0,0,0,0,0,4,0,1,0,0,0
15743,1,Yes,,0,0,2019-04-09T00:00:00,,0,98,11,0,None,20 to 24,4,Intersection,Going Ahead,0,0,0,0,0,4,0,2,0,0,0
15745,1,Yes,,0,0,2019-04-10T00:00:00,,0,82,15,0,None,35 to 39,4,Intersection,Changing Lanes,0,0,0,0,0,4,0,2,0,0,0
15748,1,Yes,,0,0,2019-04-10T00:00:00,,0,138,21,2,None,20 to 24,1,Mid-Block,Going Ahead,0,0,0,0,0,4,1,1,0,0,0
15749,1,Yes,,0,0,2019-04-10T00:00:00,,0,138,21,1,Minor,50 to 54,1,Mid-Block,Turning Left,0,0,0,0,0,4,1,1,0,0,0
15751,1,Yes,,0,0,2019-04-11T00:00:00,,0,16,23,1,None,Unknown,1,Intersection,Going Ahead,0,0,0,0,0,5,1,1,0,0,0
15752,1,Yes,,0,0,2019-04-11T00:00:00,,0,16,23,2,None,70 to 74,1,Intersection,Going Ahead,0,0,0,0,0,5,1,1,0,0,0
15753,1,Yes,,0,0,2019-04-11T00:00:00,,0,16,23,2,Major,30 to 34,1,Intersection,Going Ahead,0,0,0,0,0,5,1,1,0,0,0
15754,0,Yes,,0,0,2019-09-07T00:00:00,,0,43,0,4,Fatal,20 to 24,0,Intersection,Going Ahead,0,0,0,0,0,4,1,2,0,0,0
15755,1,,,0,0,2018-11-05T00:00:00,,0,31,18,2,None,70 to 74,1,Intersection,Going Ahead,0,0,0,8,0,4,0,1,0,0,0
15756,1,,,0,0,2019-09-07T00:00:00,,0,19,12,4,None,50 to 54,4,Intersection,Overtaking,0,0,0,0,0,3,0,1,0,1,0
15757,1,,,0,0,2019-06-06T00:00:00,,0,50,15,1,Minimal,60 to 64,4,Intersection,Going Ahead,0,0,0,0,0,5,0,2,0,0,0
15761,1,,Yes,0,0,2019-09-08T00:00:00,,0,77,1,0,None,20 to 24,0,Intersection,Turning Right,0,0,0,0,0,4,0,2,0,0,0
15762,1,,,0,0,2018-11-06T00:00:00,,0,27,23,0,None,20 to 24,1,Intersection,Turning Left,0,0,0,8,0,4,0,2,0,0,5
15764,1,,,0,0,2018-11-07T00:00:00,,0,130,18,1,None,80 to 84,1,Intersection,Going Ahead,0,0,0,0,0,5,0,1,0,0,0
15766,1,Yes,,0,0,2018-11-08T00:00:00,,0,8,14,4,None,30 to 34,5,Intersection,Turning Left,0,0,0,0,0,5,0,2,0,0,0
15769,1,,,0,0,2018-11-08T00:00:00,,0,95,19,4,None,25 to 29,0,Intersection,Turning Left,0,0,0,0,0,5,0,2,0,0,0
15770,0,,,0,0,2018-11-09T00:00:00,,0,119,6,3,None,Unknown,3,Mid-Block,,0,0,0,0,0,4,0,1,0,0,0
15772,0,,,0,0,2018-11-09T00:00:00,,0,119,6,4,Minor,45 to 49,3,Mid-Block,Going Ahead,0,0,0,0,0,4,0,1,0,0,0
15775,1,Yes,,0,0,2018-11-11T00:00:00,,0,136,14,1,None,Unknown,5,Intersection,Going Ahead,0,0,0,0,0,0,1,1,0,0,0
15777,1,Yes,,0,0,2018-11-12T00:00:00,,0,113,17,1,None,75 to 79,0,Intersection,Turning Left,0,0,0,0,0,4,0,2,0,0,0
15779,0,,,0,0,2018-11-12T00:00:00,,0,135,18,0,None,75 to 79,1,Mid-Block,Going Ahead,0,0,0,0,0,4,0,1,0,0,0
15781,1,Yes,,0,0,2018-11-14T00:00:00,,0,27,8,1,Minimal,20 to 24,4,Intersection,Turning Left,0,0,0,0,0,4,0,2,0,0,0
15782,1,Yes,,0,0,2018-11-14T00:00:00,,0,27,8,2,None,30 to 34,4,Intersection,Going Ahead,0,0,0,0,0,4,0,2,0,0,0
15785,1,Yes,,0,0,2018-11-14T00:00:00,,0,42,11,1,None,45 to 49,4,Intersection,Turning Right,0,0,0,0,0,4,0,2,0,1,0
15787,1,,,0,0,2018-11-16T00:00:00,,0,32,10,2,None,25 to 29,4,Intersection,Turning Left,0,0,0,6,0,0,0,2,0,0,6
15789,1,Yes,,0,0,2018-11-16T00:00:00,,0,49,20,2,None,20 to 24,1,Intersection,Turning Left,0,0,0,8,0,4,0,2,0,0,6
15791,1,Yes,,0,0,2018-11-18T00:00:00,,0,76,7,1,Minor,20 to 24,4,Intersection,Going Ahead,0,0,0,0,0,4,0,2,0,0,0
15792,1,Yes,,0,0,2018-11-18T00:00:00,,0,76,7,0,Minimal,25 to 29,4,Intersection,Going Ahead,0,0,0,0,0,4,0,2,0,0,0
15793,1,Yes,,0,0,2018-11-19T00:00:00,,0,130,6,0,None,60 to 64,0,Intersection,Turning Left,0,0,0,0,0,4,0,2,0,0,0
15796,1,,,0,0,2018-11-19T00:00:00,,0,65,8,1,None,60 to 64,4,Intersection,Turning Left,0,0,0,0,0,0,0,2,0,0,0
15798,1,,,0,0,2018-11-19T00:00:00,Yes,0,81,13,0,Major,65 to 69,4,Intersection,Turning Left,0,0,0,0,0,4,0,1,0,0,0
15800,1,,,0,0,2018-11-19T00:00:00,,0,94,18,0,None,65 to 69,1,Intersection,Going Ahead,0,0,0,0,0,4,0,0,0,0,0
15802,1,,,0,0,2018-11-20T00:00:00,,0,127,1,2,None,20 to 24,1,Mid-Block,Going Ahead,0,0,0,0,0,4,0,1,0,0,0
15804,1,,,0,0,2018-11-20T00:00:00,,0,34,16,2,None,60 to 64,7,Mid-Block,Going Ahead,0,0,0,0,0,4,0,1,0,0,0
15806,0,,,0,0,2018-11-20T00:00:00,,0,31,18,4,Minor,50 to 54,1,Intersection,Turning Left,0,0,0,0,0,4,0,2,1,0,0
15808,1,,,0,0,2018-11-21T00:00:00,,0,115,13,4,None,45 to 49,4,Intersection,Pulling Away from Shoulder or Curb,0,0,0,2,0,4,0,1,0,0,0
15809,1,,,0,0,2018-11-21T00:00:00,,0,115,13,4,Major,45 to 49,4,Intersection,Going Ahead,0,0,0,2,0,4,0,1,0,0,0
15810,1,,,0,0,2018-11-21T00:00:00,,0,120,19,1,None,Unknown,0,Intersection,Turning Left,0,0,0,8,0,5,0,2,0,0,0
15812,1,Yes,,0,0,2018-11-22T00:00:00,,0,130,9,2,None,45 to 49,4,Intersection,Turning Left,0,0,0,0,0,4,0,2,0,0,0
15815,1,,,0,0,2018-11-23T00:00:00,,0,126,17,1,None,Unknown,4,Mid-Block,Going Ahead,0,0,0,0,0,0,0,1,0,0,0
15817,1,,,0,0,2018-11-24T00:00:00,,0,118,17,1,None,50 to 54,1,Intersection,Turning Left,0,0,0,8,0,4,0,2,0,0,5
15821,1,Yes,,0,0,2018-11-24T00:00:00,,0,73,18,0,None,55 to 59,1,Intersection,Going Ahead,0,0,0,8,0,4,0,2,0,0,5
15824,0,Yes,,0,0,2018-11-25T00:00:00,,0,138,17,4,None,25 to 29,1,Intersection,Going Ahead,0,0,0,0,0,5,0,2,0,0,0
15825,1,,,0,0,2018-11-26T00:00:00,,0,76,16,0,None,30 to 34,1,Mid-Block,Going Ahead,0,0,0,8,0,0,0,1,0,0,5
15828,1,,,0,0,2018-11-28T00:00:00,,0,58,18,1,Major,20 to 24,0,Mid-Block,Going Ahead,0,0,0,0,0,4,0,1,0,0,0
15829,1,,,0,0,2018-11-28T00:00:00,,0,58,18,2,Minor,40 to 44,0,Mid-Block,Going Ahead,0,0,0,0,0,4,0,1,0,0,0
15832,1,,Yes,0,0,2018-11-29T00:00:00,,0,131,2,1,Major,20 to 24,1,Mid-Block,Turning Right,0,0,0,0,0,5,0,1,0,0,0
15833,1,,,0,0,2018-11-29T00:00:00,,0,48,15,2,Minimal,75 to 79,4,Mid-Block,Making U Turn,0,0,0,0,0,4,0,1,0,0,0
15834,1,,,0,0,2018-11-29T00:00:00,,0,48,15,0,Minimal,30 to 34,4,Mid-Block,Going Ahead,0,0,0,0,0,4,0,1,0,0,0
15836,1,Yes,,0,0,2018-11-29T00:00:00,,0,130,17,2,None,60 to 64,6,Mid-Block,Going Ahead,0,0,0,0,0,4,0,1,0,0,0
15838,1,Yes,,0,0,2018-11-29T00:00:00,,0,130,17,1,None,35 to 39,6,Mid-Block,Going Ahead,0,0,0,0,0,4,0,1,0,0,0
15839,0,Yes,,0,0,2019-06-06T00:00:00,,0,33,21,0,Minimal,85 to 89,0,Intersection,Turning Left,0,0,0,0,0,4,0,2,0,0,0
15841,0,Yes,,0,0,2019-06-06T00:00:00,,0,33,21,4,Fatal,30 to 34,0,Intersection,Going Ahead,0,0,0,0,0,4,0,2,0,0,0
15842,1,Yes,,0,0,2019-09-08T00:00:00,,0,116,15,0,Minimal,30 to 34,4,Intersection,Going Ahead,0,0,0,0,0,4,0,2,0,0,0
15843,1,,,0,0,2019-06-07T00:00:00,,0,64,19,0,None,40 to 44,5,Mid-Block,Going Ahead,0,0,0,0,0,4,0,1,0,0,0
15844,1,Yes,,0,0,2019-09-08T00:00:00,,0,116,15,4,Major,65 to 69,4,Intersection,Turning Left,0,0,0,0,0,4,0,2,0,0,0
15847,1,,,0,0,2019-09-16T00:00:00,,0,129,10,1,None,60 to 64,4,Intersection,Going Ahead,0,0,0,0,0,4,0,2,0,1,0
15851,1,Yes,,0,0,2019-09-09T00:00:00,,0,39,16,4,Minor,35 to 39,4,Intersection,Going Ahead,0,0,0,0,0,4,0,2,0,0,0
15852,1,Yes,,0,0,2019-09-09T00:00:00,,0,39,16,2,Major,35 to 39,4,Intersection,Turning Left,0,0,0,0,0,4,0,2,0,0,0
15853,1,Yes,,0,0,2019-09-09T00:00:00,,0,106,20,1,None,45 to 49,0,Intersection,Turning Left,0,0,0,0,0,4,0,2,0,0,0
15854,1,,,0,0,2020-06-09T00:00:00,,0,62,22,3,None,Unknown,0,Mid-Block,Parked,0,0,0,0,0,4,0,1,0,0,0
15855,1,Yes,,0,0,2019-09-09T00:00:00,,0,106,20,0,Major,35 to 39,0,Intersection,Going Ahead,0,0,0,0,0,4,0,2,0,0,0
15856,1,,,0,0,2019-09-10T00:00:00,,0,27,7,0,None,40 to 44,4,Mid-Block,Making U Turn,0,0,0,0,0,0,0,1,0,0,0
15859,0,,,0,0,2019-09-10T00:00:00,,0,104,9,1,None,55 to 59,4,Intersection,Turning Right,0,0,0,0,0,4,0,1,0,1,0
15860,1,Yes,,0,0,2019-09-11T00:00:00,,0,25,20,4,None,35 to 39,1,Intersection,Turning Left,0,0,0,8,0,4,0,2,0,0,5
15862,1,Yes,,0,0,2019-09-12T00:00:00,,0,13,10,4,None,25 to 29,4,Intersection,Going Ahead,0,0,0,0,0,4,1,2,0,0,0
15863,1,Yes,,0,0,2019-09-12T00:00:00,,0,13,10,2,Minor,50 to 54,4,Intersection,Going Ahead,0,0,0,0,0,4,1,2,0,0,0
15865,1,,,0,0,2019-09-12T00:00:00,,0,10,21,1,None,50 to 54,1,Intersection,Going Ahead,0,0,0,0,0,4,0,2,0,0,0
15867,1,,,0,0,2019-09-13T00:00:00,,0,77,16,4,None,30 to 34,4,Intersection,Going Ahead,0,0,0,0,0,1,0,2,0,0,0
15869,1,Yes,,0,0,2019-09-14T00:00:00,,0,44,1,1,Major,60 to 64,1,Mid-Block,Going Ahead,0,0,0,8,0,1,0,1,0,0,5
15870,1,Yes,,0,0,2019-09-14T00:00:00,,0,44,1,1,Minimal,45 to 49,1,Mid-Block,Going Ahead,0,0,0,8,0,1,0,1,0,0,5
15872,1,,,0,0,2019-09-14T00:00:00,,0,73,5,1,None,35 to 39,5,Mid-Block,Turning Right,0,0,0,0,0,5,0,1,0,1,0
15874,1,Yes,,0,0,2019-09-15T00:00:00,Yes,0,33,10,4,Major,80 to 84,4,Mid-Block,Going Ahead,0,0,0,8,0,4,0,1,0,0,0
15875,1,Yes,,0,0,2019-09-15T00:00:00,Yes,0,33,10,0,None,35 to 39,4,Mid-Block,Slowing or Stopping,0,0,0,8,0,4,0,1,0,0,0
15876,1,,,0,0,2019-09-16T00:00:00,,0,73,0,2,None,30 to 34,1,Mid-Block,Going Ahead,0,0,0,0,0,4,0,1,0,0,0
15878,1,,,0,0,2019-09-16T00:00:00,,0,129,10,2,Major,20 to 24,4,Intersection,Going Ahead,0,0,0,0,0,4,0,2,0,1,0
15879,1,Yes,,0,0,2019-09-17T00:00:00,,0,8,16,4,None,20 to 24,4,Mid-Block,Turning Left,0,0,0,0,0,0,0,1,0,0,0
15881,0,,,0,0,2019-09-17T00:00:00,,0,119,20,2,Minimal,55 to 59,4,Intersection,Turning Left,0,0,0,0,0,4,0,2,0,0,0
15883,1,,,0,0,2019-09-21T00:00:00,,0,136,14,0,None,60 to 64,4,Mid-Block,Going Ahead,0,0,0,0,0,4,0,1,1,0,0
15885,1,,,0,0,2019-09-21T00:00:00,,0,127,22,1,Major,35 to 39,0,Intersection,Turning Left,0,0,0,0,0,4,0,1,0,0,0
15886,1,,,0,0,2019-09-21T00:00:00,,0,127,22,2,None,25 to 29,0,Intersection,Going Ahead,0,0,0,0,0,4,0,1,0,0,0
15888,0,,,0,0,2019-09-23T00:00:00,,0,137,20,2,None,20 to 24,6,Intersection,Going Ahead,0,0,0,0,0,5,0,1,0,0,0
15889,1,,Yes,0,0,2019-09-24T00:00:00,,0,11,3,4,None,20 to 24,1,Mid-Block,Going Ahead,0,0,0,0,0,4,0,2,0,0,0
15892,0,,,0,0,2019-09-24T00:00:00,,0,121,20,4,None,40 to 44,1,Intersection,Going Ahead,0,0,0,0,0,4,0,1,0,0,0
15893,1,,,0,0,2019-09-26T00:00:00,,0,78,9,1,None,70 to 74,4,Mid-Block,Reversing,0,0,0,8,0,0,0,1,0,0,0
15894,1,,,0,0,2019-09-26T00:00:00,,0,78,9,1,None,30 to 34,4,Mid-Block,Stopped,0,0,0,8,0,0,0,1,0,0,0
15897,1,,,0,0,2019-09-26T00:00:00,,0,44,14,0,None,35 to 39,4,Mid-Block,Going Ahead,0,0,0,0,0,4,0,1,0,0,0
15898,1,,,0,0,2019-09-26T00:00:00,,0,44,14,0,None,25 to 29,4,Mid-Block,Going Ahead,0,0,0,0,0,4,0,1,0,0,0
15899,1,Yes,,0,0,2019-09-28T00:00:00,,0,25,6,4,Major,55 to 59,1,Mid-Block,Going Ahead,0,0,0,8,0,4,1,1,1,0,5
15900,1,Yes,,0,0,2019-09-28T00:00:00,,0,25,6,0,Minor,50 to 54,1,Mid-Block,Going Ahead,0,0,0,8,0,4,1,1,1,0,5
15902,0,Yes,,0,0,2019-09-28T00:00:00,,0,120,20,1,Fatal,65 to 69,1,Intersection,Going Ahead,0,0,0,0,0,4,0,2,0,0,0
15904,0,Yes,,0,0,2019-09-28T00:00:00,,0,120,20,4,None,35 to 39,1,Intersection,Going Ahead,0,0,0,0,0,4,0,2,0,0,0
15907,0,,,0,0,2019-09-29T00:00:00,,0,1,20,1,None,50 to 54,5,Mid-Block,Going Ahead,0,0,0,0,0,4,0,1,0,0,0
15908,1,Yes,,0,0,2019-10-04T00:00:00,,0,101,9,2,None,45 to 49,4,Intersection,Turning Left,0,0,0,0,0,4,0,2,0,0,0
15910,1,,,0,0,2019-10-04T00:00:00,,0,77,22,1,None,20 to 24,0,Intersection,Turning Left,0,0,0,0,0,4,0,2,0,0,0
15912,1,,,0,0,2019-10-05T00:00:00,,0,95,16,4,None,35 to 39,4,Intersection,Turning Left,0,0,0,0,0,5,0,1,0,0,0
15914,1,,,0,0,2019-10-08T00:00:00,,0,76,17,4,None,20 to 24,4,Intersection,Going Ahead,0,0,0,0,0,4,0,2,0,0,0
15916,1,Yes,,0,0,2019-10-09T00:00:00,,0,133,14,2,Major,80 to 84,4,Mid-Block,Turning Left,0,0,0,0,0,4,0,1,0,0,0
15917,1,Yes,,0,0,2019-10-09T00:00:00,,0,133,14,4,Minor,65 to 69,4,Mid-Block,Going Ahead,0,0,0,0,0,4,0,1,0,0,0
15918,1,Yes,,0,0,2019-10-10T00:00:00,,0,77,9,2,Major,50 to 54,4,Mid-Block,Going Ahead,0,0,0,0,0,0,0,1,0,0,0
15919,1,Yes,,0,0,2019-10-10T00:00:00,,0,77,9,1,None,40 to 44,4,Mid-Block,Turning Left,0,0,0,0,0,0,0,1,0,0,0
15921,1,,,0,0,2019-10-10T00:00:00,,0,94,14,1,None,45 to 49,4,Intersection,Going Ahead,0,0,0,0,0,5,0,2,0,0,0
15922,1,,,0,0,2019-10-10T00:00:00,,0,119,18,4,None,45 to 49,4,Intersection,Going Ahead,0,0,0,0,0,4,0,2,0,0,0
15925,1,Yes,,0,0,2019-06-07T00:00:00,,0,22,20,1,None,Unknown,6,Intersection,Turning Right,0,0,0,0,0,4,0,2,0,0,0
15927,1,,,0,0,2019-06-08T00:00:00,,0,85,2,4,Major,25 to 29,1,Mid-Block,Merging,0,0,0,0,0,1,0,1,0,0,0
15928,1,Yes,,0,0,2019-06-09T00:00:00,,0,87,18,4,Major,25 to 29,4,Mid-Block,Going Ahead,0,0,0,0,0,4,1,1,0,0,0
15929,1,,,0,0,2019-06-09T00:00:00,,0,77,21,0,Major,30 to 34,1,Intersection,Going Ahead,0,0,0,0,0,5,0,1,0,0,0
15930,1,,,0,0,2019-06-09T00:00:00,,0,77,21,0,None,55 to 59,1,Intersection,Making U Turn,0,0,0,0,0,5,0,1,0,0,0
15931,1,Yes,,0,0,2019-06-11T00:00:00,,0,120,13,4,None,55 to 59,4,Intersection,Going Ahead,0,0,0,0,0,4,0,1,0,0,0
15934,1,,,0,0,2019-06-11T00:00:00,,0,91,23,4,None,20 to 24,1,Intersection,Going Ahead,0,0,0,0,0,4,0,2,0,0,0
15936,1,Yes,,0,0,2019-06-12T00:00:00,,0,14,17,1,None,55 to 59,4,Intersection,Turning Left,0,0,0,0,0,4,0,1,0,0,0
15941,1,Yes,Yes,0,0,2019-06-13T00:00:00,,0,108,19,4,None,25 to 29,4,Mid-Block,Going Ahead,0,0,0,0,0,4,0,1,0,0,0
15942,0,,,0,0,2019-06-13T00:00:00,Yes,0,53,19,0,Fatal,80 to 84,4,Intersection,Going Ahead,0,0,0,8,0,4,0,2,0,0,0
15943,0,,,0,0,2019-06-13T00:00:00,Yes,0,53,19,0,Minimal,25 to 29,4,Intersection,Turning Left,0,0,0,8,0,4,0,2,0,0,0
15946,1,Yes,,0,0,2019-06-15T00:00:00,,0,85,0,4,None,20 to 24,1,Intersection,Turning Left,0,0,0,0,0,4,0,2,0,0,0
15949,1,,,0,0,2019-06-16T00:00:00,,0,17,17,1,None,70 to 74,4,Intersection,Going Ahead,0,0,0,0,0,4,0,2,0,0,0
15950,0,Yes,,0,0,2019-06-18T00:00:00,,0,14,12,0,None,15 to 19,4,Intersection,Turning Left,0,0,0,0,0,4,0,2,0,0,0
15951,0,Yes,,0,0,2019-06-18T00:00:00,,0,14,12,4,Fatal,75 to 79,4,Intersection,Going Ahead,0,0,0,0,0,4,0,2,0,0,0
15952,1,,,0,0,2019-06-18T00:00:00,,0,7,14,4,Major,70 to 74,4,Intersection,Going Ahead,0,0,0,0,0,3,0,2,0,0,0
15954,1,,,0,0,2019-06-19T00:00:00,,0,124,9,1,None,25 to 29,4,Intersection,Going Ahead,0,0,0,0,0,5,0,2,0,0,0
15957,0,,,0,0,2019-06-20T00:00:00,,0,72,13,0,None,40 to 44,4,Intersection,Going Ahead,0,0,0,0,0,4,0,2,0,0,0
15958,1,,,0,0,2019-06-20T00:00:00,,0,69,15,0,None,70 to 74,4,Mid-Block,Making U Turn,0,0,0,0,0,4,0,1,0,0,0
15959,1,,,0,0,2019-06-20T00:00:00,,0,69,15,4,Major,45 to 49,4,Mid-Block,Going Ahead,0,0,0,0,0,4,0,1,0,0,0
15961,1,Yes,,0,0,2019-06-20T00:00:00,,0,120,22,0,None,Unknown,1,Intersection,Turning Right,0,0,0,8,0,4,0,2,0,0,5
15963,1,Yes,,0,0,2019-06-21T00:00:00,,0,16,12,1,None,65 to 69,4,Intersection,Turning Left,0,0,0,0,0,4,0,1,0,0,0