,ACCLASS,AG_DRIV,ALCOHOL,AUTOMOBILE,CYCLIST,DATE,DISABILITY,EMERG_VEH,HOOD_ID,HOUR,INITDIR,INJURY,INVAGE,LIGHT,LOCCOORD,MANOEUVER,MOTORCYCLE,PASSENGER,PEDESTRIAN,RDSFCOND,REDLIGHT,ROAD_CLASS,SPEEDING,TRAFFCTL,TRSN_CITY_VEH,TRUCK,VISIBILITY
16267,0,,,0,0,2020-07-19T00:00:00,,0,136,18,0,Minor,25 to 29,4,Intersection,Going Ahead,0,0,0,0,0,5,0,1,0,0,0
16268,1,Yes,,0,0,2019-10-11T00:00:00,,0,124,13,1,Minimal,85 to 89,4,Mid-Block,Stopped,0,0,0,0,0,4,1,1,0,0,0
16269,1,Yes,,0,0,2019-11-22T00:00:00,,0,119,21,4,None,Unknown,1,Intersection,Turning Left,0,0,0,0,0,5,0,2,0,0,0
16270,0,Yes,,0,0,2020-09-04T00:00:00,,0,25,5,4,None,60 to 64,1,Mid-Block,Going Ahead,0,0,0,0,0,4,0,1,0,0,0
16272,1,Yes,,0,0,2019-10-11T00:00:00,,0,124,13,0,None,60 to 64,4,Mid-Block,Stopped,0,0,0,0,0,4,1,1,0,0,0
16275,0,Yes,,0,0,2020-09-04T00:00:00,,0,118,15,1,Minor,25 to 29,4,Intersection,Turning Left,0,0,0,0,0,4,1,1,0,0,0
16276,1,Yes,,0,0,2020-10-29T00:00:00,,0,76,15,2,Major,55 to 59,4,Intersection,Going Ahead,0,0,0,0,0,4,0,2,0,0,0
16278,1,Yes,,0,0,2020-10-29T00:00:00,,0,76,15,4,None,70 to 74,4,Intersection,Going Ahead,0,0,0,0,0,4,0,2,0,0,0
16280,1,,,0,0,2019-12-28T00:00:00,,0,1,17,1,None,20 to 24,0,Intersection,Turning Left,0,0,0,0,0,4,0,2,0,0,0
16281,1,Yes,,0,0,2020-07-20T00:00:00,,0,82,1,0,None,50 to 54,0,Mid-Block,Going Ahead,0,0,0,0,0,4,0,1,0,0,0
16282,0,Yes,,0,0,2020-09-04T00:00:00,,0,118,15,2,Fatal,30 to 34,4,Intersection,Going Ahead,0,0,0,0,0,4,1,1,0,0,0
16284,1,,,0,0,2019-11-22T00:00:00,,0,27,22,4,None,65 to 69,0,Intersection,Going Ahead,0,0,0,0,0,4,0,2,0,0,0
16285,0,,,0,0,2019-10-11T00:00:00,Yes,0,16,16,2,Fatal,50 to 54,4,Mid-Block,Going Ahead,0,0,0,0,0,4,0,1,0,1,0
16286,1,Yes,Yes,0,0,2020-10-30T00:00:00,,0,16,23,2,Major,35 to 39,0,Mid-Block,Going Ahead,0,0,0,0,0,4,0,2,0,0,0
16288,1,,,0,0,2020-09-04T00:00:00,,0,39,20,0,None,20 to 24,4,Intersection,Going Ahead,0,0,0,0,0,4,0,2,0,1,0
16290,1,,,0,0,2019-10-11T00:00:00,,0,75,19,2,None,45 to 49,7,Intersection,Going Ahead,0,0,0,0,0,4,0,1,0,0,0
16292,1,Yes,,0,0,2019-10-12T00:00:00,,0,91,12,1,None,55 to 59,4,Intersection,Turning Left,0,0,0,0,0,5,0,2,0,0,0
16294,1,,,0,0,2019-10-13T00:00:00,,0,119,10,0,None,30 to 34,4,Intersection,Going Ahead,0,0,0,0,0,4,0,2,0,0,0
16299,1,Yes,,0,0,2019-10-15T00:00:00,,0,34,4,2,None,10 to 14,1,Intersection,Going Ahead,0,0,0,0,0,4,1,2,1,1,0
16300,1,Yes,,0,0,2019-10-15T00:00:00,,0,34,4,1,None,30 to 34,1,Intersection,Turning Left,0,0,0,0,0,4,1,2,1,1,0
16301,1,Yes,,0,0,2019-10-15T00:00:00,,0,34,4,1,None,35 to 39,1,Intersection,Going Ahead,0,0,0,0,0,4,1,2,1,1,0
16303,1,Yes,,0,0,2019-10-15T00:00:00,Yes,0,111,4,1,Major,35 to 39,4,Intersection,Going Ahead,0,0,0,0,0,0,1,1,0,0,0
16304,1,Yes,,0,0,2019-10-15T00:00:00,Yes,0,111,4,2,None,Unknown,4,Intersection,Parked,0,0,0,0,0,0,1,1,0,0,0
16305,1,Yes,,0,0,2019-10-15T00:00:00,Yes,0,111,4,2,None,Unknown,4,Intersection,Parked,0,0,0,0,0,0,1,1,0,0,0
16306,1,Yes,,0,0,2019-10-15T00:00:00,Yes,0,111,4,1,None,Unknown,4,Intersection,Parked,0,0,0,0,0,0,1,1,0,0,0
16307,1,Yes,,0,0,2019-10-15T00:00:00,,0,123,15,2,None,50 to 54,4,Intersection,Turning Right,0,0,0,0,0,4,0,2,0,0,0
16309,1,Yes,,0,0,2019-10-15T00:00:00,,0,56,17,1,None,25 to 29,4,Mid-Block,Going Ahead,0,0,0,0,0,4,0,2,0,0,0
16311,1,,,0,0,2019-10-15T00:00:00,,0,64,22,0,None,55 to 59,1,Intersection,Turning Left,0,0,0,0,0,5,0,1,0,0,0
16313,1,Yes,,0,0,2019-10-16T00:00:00,,0,68,22,0,Major,25 to 29,1,Intersection,Going Ahead,0,0,0,0,0,4,1,1,0,0,0
16314,1,Yes,,0,0,2019-10-16T00:00:00,,0,68,22,4,None,35 to 39,1,Intersection,Making U Turn,0,0,0,0,0,4,1,1,0,0,0
16315,1,Yes,Yes,0,0,2019-10-19T00:00:00,,0,1,2,4,None,20 to 24,1,Intersection,Going Ahead,0,0,0,0,0,0,0,1,0,0,0
16319,1,,,0,0,2019-10-22T00:00:00,,0,130,17,2,None,60 to 64,4,Mid-Block,Going Ahead,0,0,0,0,0,4,0,1,0,0,0
16321,1,Yes,,0,0,2019-10-24T00:00:00,,0,93,10,2,Minor,60 to 64,4,Intersection,Turning Left,0,0,0,0,0,4,0,2,0,0,0
16322,1,Yes,,0,0,2019-10-24T00:00:00,,0,93,10,1,Major,20 to 24,4,Intersection,Going Ahead,0,0,0,0,0,4,0,2,0,0,0
16325,1,,,0,0,2019-10-24T00:00:00,,0,55,21,2,Major,20 to 24,1,Mid-Block,Changing Lanes,0,0,0,0,0,4,0,0,0,0,0
16327,1,Yes,,0,0,2019-10-25T00:00:00,,0,50,20,4,None,60 to 64,1,Intersection,Turning Left,0,0,0,0,0,5,0,2,0,0,0
16329,1,,,0,0,2019-10-26T00:00:00,Yes,0,120,11,4,Major,70 to 74,4,Intersection,Going Ahead,0,0,0,0,0,4,0,2,0,0,0
16330,1,,,0,0,2019-10-26T00:00:00,Yes,0,120,11,4,None,50 to 54,4,Intersection,Stopped,0,0,0,0,0,4,0,2,0,0,0
16331,1,,,0,0,2019-10-26T00:00:00,Yes,0,120,11,4,None,50 to 54,4,Intersection,Stopped,0,0,0,0,0,4,0,2,0,0,0
16332,1,,,0,0,2019-10-27T00:00:00,,0,12,2,2,Major,20 to 24,0,Mid-Block,Going Ahead,0,0,0,8,0,3,0,1,0,0,5
16333,1,Yes,,0,0,2019-10-27T00:00:00,,0,134,2,4,Major,30 to 34,1,Mid-Block,Going Ahead,0,0,0,8,0,5,1,1,0,0,5
16335,1,,,0,0,2019-10-27T00:00:00,,0,119,18,2,None,45 to 49,4,Intersection,Turning Left,0,0,0,0,0,4,0,1,0,1,0
16336,1,,,0,0,2019-10-27T00:00:00,,0,119,18,1,Major,45 to 49,4,Intersection,Going Ahead,0,0,0,0,0,4,0,1,0,1,0
16337,0,,,0,0,2019-10-28T00:00:00,Yes,0,44,6,1,None,60 to 64,1,Intersection,Turning Right,0,0,0,0,0,4,0,2,0,0,0
16341,0,,,0,0,2019-10-28T00:00:00,,0,111,10,2,None,50 to 54,4,Intersection,Turning Left,0,0,0,0,0,4,0,2,0,0,0
16342,1,,,0,0,2019-10-29T00:00:00,,0,126,7,4,None,35 to 39,1,Intersection,Turning Left,0,0,0,0,0,4,0,2,0,0,2
16344,1,Yes,,0,0,2019-10-30T00:00:00,,0,73,3,2,None,55 to 59,1,Intersection,Going Ahead,0,0,0,0,0,4,0,2,0,0,0
16346,1,,,0,0,2019-10-30T00:00:00,,0,130,20,4,None,35 to 39,1,Intersection,Going Ahead,0,0,0,8,0,4,0,2,0,0,5
16350,0,,,0,0,2019-10-30T00:00:00,,0,119,20,1,None,25 to 29,1,Mid-Block,Going Ahead,0,0,0,8,0,0,0,1,0,0,5
16351,1,Yes,,0,0,2019-11-01T00:00:00,,0,96,18,0,None,25 to 29,6,Intersection,Going Ahead,0,0,0,0,0,5,0,2,0,0,0
16354,1,,,0,0,2019-11-01T00:00:00,,0,70,19,0,None,35 to 39,1,Intersection,Going Ahead,0,0,0,0,0,5,0,2,0,0,0
16357,1,Yes,,0,0,2019-11-03T00:00:00,,0,107,6,1,Major,70 to 74,4,Mid-Block,Going Ahead,0,0,0,0,0,4,0,1,0,0,0
16358,1,Yes,,0,0,2019-11-04T00:00:00,,0,32,7,0,None,65 to 69,4,Intersection,Turning Left,0,0,0,8,0,0,0,2,0,0,5
16360,1,Yes,,0,0,2019-11-06T00:00:00,,0,77,17,2,None,40 to 44,1,Intersection,Turning Left,0,0,0,8,0,5,0,1,0,0,0
16363,1,,,0,0,2019-11-07T00:00:00,,0,47,7,2,None,35 to 39,3,Mid-Block,Going Ahead,0,0,0,8,0,4,0,1,0,0,0
16364,1,Yes,,0,0,2019-11-08T00:00:00,,0,130,5,2,None,60 to 64,1,Intersection,Going Ahead,0,0,0,0,0,4,0,2,0,0,0
16365,1,Yes,,0,0,2019-11-08T00:00:00,,0,130,5,4,None,55 to 59,1,Intersection,Going Ahead,0,0,0,0,0,4,0,2,0,0,0
16367,1,Yes,,0,0,2019-11-08T00:00:00,,0,130,5,4,None,55 to 59,1,Intersection,Going Ahead,0,0,0,0,0,4,0,2,0,0,0
16370,1,Yes,,0,0,2019-11-10T00:00:00,,0,110,14,0,None,40 to 44,4,Mid-Block,Turning Left,0,0,0,0,0,5,0,1,0,0,0
16371,1,Yes,,0,0,2019-11-10T00:00:00,,0,110,14,2,Major,45 to 49,4,Mid-Block,Going Ahead,0,0,0,0,0,5,0,1,0,0,0
16374,0,Yes,,0,0,2019-11-13T00:00:00,,0,31,9,2,Fatal,65 to 69,4,Mid-Block,Going Ahead,0,0,0,0,0,4,0,1,0,0,0
16375,0,Yes,,0,0,2019-11-13T00:00:00,,0,31,9,0,None,40 to 44,4,Mid-Block,Going Ahead,0,0,0,0,0,4,0,1,0,0,0
16376,0,Yes,,0,0,2019-11-13T00:00:00,,0,30,10,0,None,60 to 64,4,Intersection,Turning Right,0,0,0,8,0,4,0,2,0,1,6
16378,1,Yes,,0,0,2019-11-16T00:00:00,,0,76,15,4,None,Unknown,4,Mid-Block,Going Ahead,0,0,0,0,0,4,0,1,0,0,0
16380,1,,,0,0,2019-11-18T00:00:00,,0,130,18,1,None,Unknown,1,Mid-Block,Going Ahead,0,0,0,8,0,4,0,1,0,0,5
16381,1,,,0,0,2019-11-18T00:00:00,,0,130,18,1,None,35 to 39,1,Mid-Block,Going Ahead,0,0,0,8,0,4,0,1,0,0,5
16385,1,Yes,,0,0,2019-11-20T00:00:00,,0,119,9,1,Minimal,80 to 84,4,Intersection,Turning Left,0,0,0,0,0,4,0,1,0,0,0
16386,1,,,0,0,2020-09-04T00:00:00,,0,39,20,0,None,Unknown,4,Intersection,Going Ahead,0,0,0,0,0,4,0,2,0,1,0
16388,1,,,0,0,2020-11-01T00:00:00,,0,93,13,4,None,Unknown,4,Intersection,Turning Left,0,0,0,0,0,4,0,2,0,0,0
16389,1,,,0,0,2020-09-04T00:00:00,,0,39,20,2,None,30 to 34,4,Intersection,Going Ahead,0,0,0,0,0,4,0,2,0,1,0
16392,1,,,0,0,2020-01-04T00:00:00,,0,56,18,1,None,75 to 79,0,Intersection,Going Ahead,0,0,0,8,0,4,0,2,0,0,5
16394,1,,,0,0,2020-09-04T00:00:00,,0,39,20,0,None,70 to 74,4,Intersection,Stopped,0,0,0,0,0,4,0,2,0,1,0
16395,1,Yes,,0,0,2020-07-21T00:00:00,,0,87,18,4,None,60 to 64,4,Intersection,Turning Left,0,0,0,0,0,4,0,2,0,0,0
16398,1,Yes,Yes,0,0,2020-07-24T00:00:00,,0,92,2,2,Major,35 to 39,1,Intersection,Going Ahead,0,0,0,0,0,5,1,2,0,0,0
16399,0,Yes,,0,0,2020-11-04T00:00:00,,0,77,12,0,None,60 to 64,4,Intersection,Turning Right,0,0,0,0,0,0,0,2,0,1,0
16401,0,,,0,0,2019-11-22T00:00:00,,0,94,23,4,None,Unknown,1,Intersection,Going Ahead,0,0,0,0,0,4,0,2,0,0,0
16405,1,Yes,,0,0,2020-07-24T00:00:00,,0,122,15,0,Major,45 to 49,4,Mid-Block,Going Ahead,0,0,0,0,0,4,0,1,0,0,0
16407,0,,,0,0,2020-01-04T00:00:00,,0,73,22,1,None,20 to 24,1,Mid-Block,Going Ahead,0,0,0,0,0,4,0,1,0,0,0
16408,1,Yes,,0,0,2020-09-04T00:00:00,,0,95,21,2,Major,25 to 29,0,Intersection,Turning Left,0,0,0,0,0,4,1,2,0,0,0
16409,1,Yes,,0,0,2020-09-04T00:00:00,,0,95,21,1,None,30 to 34,0,Intersection,Going Ahead,0,0,0,0,0,4,1,2,0,0,0
16410,1,,,0,0,2020-09-04T00:00:00,,0,136,23,0,None,20 to 24,1,Mid-Block,Going Ahead,0,0,0,0,0,4,0,1,0,0,0
16412,1,,,0,0,2020-09-06T00:00:00,,0,21,4,0,None,Unknown,1,Intersection,Going Ahead,0,0,0,0,0,4,0,2,0,0,0
16414,1,,,0,0,2020-09-06T00:00:00,,0,109,11,4,Major,50 to 54,4,Mid-Block,Going Ahead,0,0,0,0,0,5,0,2,0,0,0
16415,1,,,0,0,2020-09-06T00:00:00,,0,109,11,4,None,25 to 29,4,Mid-Block,Going Ahead,0,0,0,0,0,5,0,2,0,0,0
16416,1,,,0,0,2020-09-07T00:00:00,,0,139,0,4,None,60 to 64,1,Mid-Block,Going Ahead,0,0,0,0,0,4,0,1,0,0,0
16417,1,,,0,0,2020-09-07T00:00:00,,0,139,0,4,Major,50 to 54,1,Mid-Block,Going Ahead,0,0,0,0,0,4,0,1,0,0,0
16420,1,Yes,,0,0,2020-09-12T00:00:00,,0,72,2,0,None,25 to 29,1,Intersection,Going Ahead,0,0,0,0,0,4,0,2,0,0,0
16422,1,,,0,0,2020-09-14T00:00:00,,0,75,12,2,None,60 to 64,4,Mid-Block,Going Ahead,0,0,0,0,0,0,0,1,0,0,0
16424,1,Yes,,0,0,2020-09-14T00:00:00,,0,63,17,4,None,Unknown,4,Intersection,Turning Right,0,0,0,0,0,4,0,2,0,0,0
16426,1,Yes,,0,0,2020-09-16T00:00:00,,0,57,22,4,Major,25 to 29,1,Mid-Block,Going Ahead,0,0,0,0,0,5,1,1,0,0,0
16427,1,Yes,,0,0,2020-09-17T00:00:00,,0,1,15,4,None,25 to 29,4,Intersection,Turning Left,0,0,0,0,0,4,0,2,0,0,0
16429,1,,,0,0,2020-09-17T00:00:00,,0,70,20,4,None,55 to 59,1,Intersection,Going Ahead,0,0,0,0,0,4,0,2,0,0,0
16431,0,,,0,0,2020-09-17T00:00:00,,0,119,22,1,Fatal,30 to 34,1,Intersection,Going Ahead,0,0,0,0,0,4,0,2,0,0,0
16432,0,,,0,0,2020-09-17T00:00:00,,0,119,22,2,None,20 to 24,1,Intersection,Turning Left,0,0,0,0,0,4,0,2,0,0,0
16433,1,,,0,0,2020-09-18T00:00:00,,0,75,18,1,None,Unknown,7,Mid-Block,Going Ahead,0,0,0,0,0,4,0,1,0,0,0
16435,1,Yes,,0,0,2020-09-18T00:00:00,,0,128,23,2,None,50 to 54,1,Intersection,Turning Left,0,0,0,0,0,4,0,2,0,0,0
16436,1,Yes,,0,0,2020-09-18T00:00:00,,0,128,23,1,Major,20 to 24,1,Intersection,Going Ahead,0,0,0,0,0,4,0,2,0,0,0
16437,0,,Yes,0,0,2020-09-19T00:00:00,,0,2,6,2,None,20 to 24,4,Intersection,Going Ahead,0,0,0,0,0,4,0,2,0,0,0
16439,1,,,0,0,2020-09-19T00:00:00,,0,92,21,4,None,30 to 34,1,Intersection,Going Ahead,0,0,0,0,0,4,0,2,1,0,0
16440,1,,,0,0,2020-09-20T00:00:00,,0,34,11,2,None,35 to 39,4,Intersection,Going Ahead,0,0,0,0,0,4,0,2,0,0,0
16444,0,,,0,0,2020-09-20T00:00:00,,0,78,18,0,None,65 to 69,4,Intersection,Going Ahead,0,0,0,0,0,4,0,2,0,0,0
16445,1,,,0,0,2020-09-20T00:00:00,,0,131,20,0,None,40 to 44,1,Intersection,Turning Left,0,0,0,0,0,4,0,2,0,0,0
16447,1,Yes,,0,0,2020-09-21T00:00:00,,0,119,6,1,None,60 to 64,0,Intersection,Turning Left,0,0,0,0,0,4,0,2,0,1,0
16449,1,Yes,,0,0,2020-09-22T00:00:00,,0,26,13,2,None,75 to 79,4,Mid-Block,Turning Left,0,0,0,0,0,4,0,2,0,0,0
16450,1,Yes,,0,0,2020-09-22T00:00:00,,0,26,13,0,Major,40 to 44,4,Mid-Block,Going Ahead,0,0,0,0,0,4,0,2,0,0,0
16451,1,Yes,,0,0,2020-09-23T00:00:00,,0,42,23,2,Major,30 to 34,0,Mid-Block,Going Ahead,0,0,0,0,0,5,1,1,0,0,0
16452,1,Yes,,0,0,2020-09-26T00:00:00,,0,120,17,4,None,60 to 64,4,Intersection,Going Ahead,0,0,0,0,0,4,0,2,0,0,0
16453,1,Yes,,0,0,2020-09-26T00:00:00,,0,120,17,4,Major,70 to 74,4,Intersection,Stopped,0,0,0,0,0,4,0,2,0,0,0
16455,1,Yes,,0,0,2020-09-27T00:00:00,,0,44,0,1,Major,35 to 39,1,Mid-Block,Going Ahead,0,0,0,0,0,0,1,1,0,0,0
16456,1,Yes,,0,0,2020-09-27T00:00:00,,0,44,0,1,None,40 to 44,1,Mid-Block,Going Ahead,0,0,0,0,0,0,1,1,0,0,0
16457,1,Yes,,0,0,2020-09-28T00:00:00,,0,129,16,4,None,70 to 74,4,,Turning Left,0,0,0,0,0,4,0,2,0,0,0
16459,1,Yes,,0,0,2020-10-04T00:00:00,,0,73,11,2,None,30 to 34,4,Intersection,Turning Right,0,0,0,8,0,4,0,2,0,0,5
16460,1,Yes,,0,0,2020-10-04T00:00:00,,0,73,11,0,Major,35 to 39,4,Intersection,Going Ahead,0,0,0,8,0,4,0,2,0,0,5
16462,1,,,0,0,2020-10-04T00:00:00,,0,34,19,0,None,20 to 24,1,Intersection,Turning Left,0,0,0,8,0,4,0,2,0,0,5
16464,1,,,0,0,2020-10-05T00:00:00,,0,82,0,1,None,25 to 29,1,Mid-Block,Going Ahead,0,0,0,8,0,4,0,2,0,0,0
16467,1,,,0,0,2020-10-05T00:00:00,,0,25,7,1,None,55 to 59,4,Intersection,Going Ahead,0,0,0,0,0,4,0,2,0,0,0
16469,1,,,0,0,2020-10-05T00:00:00,,0,34,16,2,None,30 to 34,4,Mid-Block,Going Ahead,0,0,0,0,0,4,0,1,0,0,0
16471,1,,,0,0,2020-10-05T00:00:00,,0,76,23,4,None,55 to 59,7,Intersection,Turning Right,0,0,0,0,0,4,0,2,0,0,0
16473,1,Yes,,0,0,2020-10-07T00:00:00,,0,83,3,1,Major,10 to 14,0,Intersection,Going Ahead,0,0,0,0,0,5,1,2,0,0,0
16477,1,,,0,0,2020-10-08T00:00:00,,0,77,14,0,None,Unknown,4,Intersection,Turning Right,0,0,0,8,0,4,0,2,0,0,5
16481,0,,,0,0,2020-10-08T00:00:00,,0,84,23,4,Fatal,35 to 39,1,Mid-Block,Going Ahead,0,0,0,0,0,4,0,1,0,0,0
16482,1,,,0,0,2020-10-10T00:00:00,,0,115,17,1,None,35 to 39,4,Intersection,Turning Left,0,0,0,0,0,4,0,2,0,0,0
16483,1,,,0,0,2020-10-10T00:00:00,,0,115,17,2,Major,45 to 49,4,Intersection,Going Ahead,0,0,0,0,0,4,0,2,0,0,0
16484,1,Yes,,0,0,2020-10-11T00:00:00,,0,63,11,2,None,45 to 49,4,Intersection,Turning Left,0,0,0,0,0,4,0,2,0,0,0
16487,1,,,0,0,2020-10-11T00:00:00,,0,122,20,4,Minimal,30 to 34,7,Intersection,Going Ahead,0,0,0,0,0,4,0,2,0,0,0
16488,1,,,0,0,2020-10-12T00:00:00,,0,129,22,2,Major,20 to 24,1,Mid-Block,Going Ahead,0,0,0,8,0,4,0,1,0,0,5
16491,1,Yes,,0,0,2020-10-13T00:00:00,,0,2,9,0,None,30 to 34,4,Intersection,Turning Right,0,0,0,0,0,4,0,2,0,0,0
16493,1,,,0,0,2020-10-13T00:00:00,,0,90,16,1,None,50 to 54,4,Mid-Block,Going Ahead,0,0,0,0,0,4,0,2,0,0,0
16494,1,,,0,0,2020-10-13T00:00:00,,0,90,16,1,Major,50 to 54,4,Mid-Block,Stopped,0,0,0,0,0,4,0,2,0,0,0
16495,1,,,0,0,2020-10-13T00:00:00,,0,90,16,1,None,40 to 44,4,Mid-Block,Stopped,0,0,0,0,0,4,0,2,0,0,0
16496,0,,,0,0,2020-10-15T00:00:00,,0,52,12,2,None,60 to 64,4,Mid-Block,Reversing,0,0,0,8,0,3,0,1,0,1,5
16498,1,,,0,0,2020-10-17T00:00:00,,0,24,19,1,None,65 to 69,1,Intersection,Going Ahead,0,0,0,0,0,4,0,2,0,0,0
16499,0,,,0,0,2020-11-06T00:00:00,,0,32,19,1,None,25 to 29,1,Mid-Block,Going Ahead,0,0,0,0,0,1,0,1,0,0,0
16500,1,Yes,,0,0,2020-07-24T00:00:00,,0,122,15,0,None,30 to 34,4,Mid-Block,Slowing or Stopping,0,0,0,0,0,4,0,1,0,0,0
16501,1,Yes,,0,0,2019-11-23T00:00:00,,0,126,12,2,None,65 to 69,4,Intersection,Turning Left,0,0,0,0,0,4,0,1,0,0,0
16502,1,Yes,,0,0,2020-11-07T00:00:00,,0,123,9,4,None,70 to 74,4,Intersection,Turning Left,0,0,0,0,0,4,0,1,0,0,0
16503,1,Yes,,0,0,2020-07-24T00:00:00,,0,122,15,0,None,60 to 64,4,Mid-Block,Slowing or Stopping,0,0,0,0,0,4,0,1,0,0,0
16505,1,Yes,,0,0,2020-01-06T00:00:00,,0,84,15,4,None,50 to 54,3,Intersection,Going Ahead,0,0,0,0,0,5,0,2,0,0,0
16507,1,Yes,,0,0,2019-11-23T00:00:00,,0,126,12,1,Major,20 to 24,4,Intersection,Going Ahead,0,0,0,0,0,4,0,1,0,0,0
16508,1,Yes,,0,0,2020-11-07T00:00:00,,0,135,17,4,None,60 to 64,1,Intersection,Turning Left,0,0,0,0,0,4,0,2,0,0,0
16509,1,Yes,,0,0,2020-01-07T00:00:00,,0,120,18,4,None,35 to 39,0,Intersection,Turning Left,0,0,0,0,0,4,0,2,0,0,0
16512,1,Yes,,0,0,2020-01-07T00:00:00,,0,120,18,0,Minimal,50 to 54,0,Intersection,Going Ahead,0,0,0,0,0,4,0,2,0,0,0
16514,1,Yes,,0,0,2020-01-09T00:00:00,,0,1,11,2,None,45 to 49,4,Intersection,Going Ahead,0,0,0,0,0,4,1,2,0,0,0
16515,1,Yes,,0,0,2020-01-09T00:00:00,,0,1,11,0,Major,50 to 54,4,Intersection,Going Ahead,0,0,0,0,0,4,1,2,0,0,0
16516,1,Yes,,0,0,2020-01-09T00:00:00,,0,1,11,0,None,55 to 59,4,Intersection,Going Ahead,0,0,0,0,0,4,1,2,0,0,0
16517,1,Yes,,0,0,2020-01-09T00:00:00,,0,1,11,1,None,35 to 39,4,Intersection,Stopped,0,0,0,0,0,4,1,2,0,0,0
16518,1,Yes,,0,0,2020-01-10T00:00:00,,0,67,17,4,None,55 to 59,1,Intersection,Turning Left,0,0,0,8,0,0,0,2,0,0,5
16520,1,Yes,,0,0,2020-07-24T00:00:00,,0,122,15,0,None,25 to 29,4,Mid-Block,Stopped,0,0,0,0,0,4,0,1,0,0,0
16521,1,,,0,0,2020-01-11T00:00:00,,0,77,16,0,None,Unknown,0,Intersection,Making U Turn,0,0,0,8,0,3,0,2,0,0,5
16523,1,Yes,,0,0,2020-01-11T00:00:00,,0,115,19,1,None,40 to 44,1,Intersection,Turning Left,0,0,0,8,0,5,0,1,0,0,5
16525,1,,,0,0,2020-01-11T00:00:00,,0,92,22,4,None,20 to 24,1,Intersection,Going Ahead,0,0,0,8,0,4,0,2,0,0,5
16530,1,,,0,0,2020-01-12T00:00:00,,0,77,3,4,Minor,30 to 34,1,Intersection,Going Ahead,0,0,0,8,0,5,0,2,0,0,5
16532,1,,,0,0,2020-01-14T00:00:00,,0,77,13,4,None,35 to 39,4,Mid-Block,Turning Left,0,0,0,0,0,4,0,1,0,0,0
16533,1,,,0,0,2020-01-14T00:00:00,,0,77,13,4,Major,65 to 69,4,Mid-Block,Going Ahead,0,0,0,0,0,4,0,1,0,0,0
16535,1,Yes,,0,0,2020-01-14T00:00:00,,0,132,18,4,None,25 to 29,0,Intersection,Turning Left,0,0,0,8,0,5,0,2,0,0,5
16537,1,Yes,,0,0,2020-01-16T00:00:00,,0,136,5,0,None,60 to 64,1,Intersection,Turning Left,0,0,0,8,0,5,0,2,0,0,5
16539,1,Yes,,0,0,2020-01-17T00:00:00,,0,52,19,2,None,60 to 64,4,Intersection,Going Ahead,0,0,0,0,0,4,0,2,0,0,0
16540,1,Yes,,0,0,2020-01-17T00:00:00,,0,52,19,2,Minor,30 to 34,4,Intersection,Slowing or Stopping,0,0,0,0,0,4,0,2,0,0,0
16541,1,Yes,,0,0,2020-01-17T00:00:00,,0,52,19,2,None,40 to 44,4,Intersection,Slowing or Stopping,0,0,0,0,0,4,0,2,0,0,0
16542,1,Yes,,0,0,2020-01-17T00:00:00,,0,52,19,2,Major,30 to 34,4,Intersection,Stopped,0,0,0,0,0,4,0,2,0,0,0
16544,1,,Yes,0,0,2020-01-17T00:00:00,,0,14,21,2,Major,30 to 34,1,Mid-Block,Changing Lanes,0,0,0,0,0,4,0,1,0,0,0
16545,1,,Yes,0,0,2020-01-17T00:00:00,,0,14,21,2,Minor,40 to 44,1,Mid-Block,Going Ahead,0,0,0,0,0,4,0,1,0,0,0
16546,1,,,0,0,2020-01-18T00:00:00,Yes,0,1,9,0,Major,60 to 64,4,Intersection,Going Ahead,0,0,0,8,0,4,0,2,0,0,6
16547,1,,,0,0,2020-01-20T00:00:00,Yes,0,77,9,4,Major,60 to 64,4,Mid-Block,Changing Lanes,0,0,0,0,0,1,0,1,0,0,0
16548,1,,,0,0,2020-01-20T00:00:00,Yes,0,77,9,4,None,30 to 34,4,Mid-Block,Going Ahead,0,0,0,0,0,1,0,1,0,0,0
16549,1,,,0,0,2020-01-20T00:00:00,,0,9,16,1,None,45 to 49,4,Intersection,Going Ahead,0,0,0,3,0,4,0,1,1,0,0
16551,0,Yes,,0,0,2020-01-21T00:00:00,,0,27,7,0,None,50 to 54,1,Intersection,Turning Right,0,0,0,0,0,5,0,2,0,1,0
16553,1,,,0,0,2020-01-21T00:00:00,,0,107,19,1,Major,65 to 69,1,Intersection,Turning Left,0,0,0,8,0,5,0,2,0,0,0
16554,1,,,0,0,2020-01-21T00:00:00,,0,107,19,2,None,55 to 59,1,Intersection,Going Ahead,0,0,0,8,0,5,0,2,0,0,0
16555,1,,,0,0,2020-01-25T00:00:00,,0,77,5,4,Major,25 to 29,1,Mid-Block,Going Ahead,0,0,0,8,0,1,0,1,0,1,5
16556,1,,,0,0,2020-01-26T00:00:00,,0,136,19,0,None,55 to 59,1,Intersection,Going Ahead,0,0,0,8,0,4,0,1,0,0,5